,customerId,item_recommend
0,0,|2|219|98|
1,1,|11|255|39|
2,5,|1|292|21|
3,8,|38|194|44|
4,9,|33|5|226|
5,10,|8|192|4|
6,11,|51|178|0|
7,14,|199|24|136|
8,17,|157|2|6|
9,21,|60|142|16|
10,22,|0|296|230|
11,23,|2|4|287|
12,24,|7|258|166|
13,25,|59|5|33|
14,27,|108|5|2|
15,29,|11|228|0|
16,30,|20|1|5|
17,33,|8|151|134|
18,34,|123|80|66|
19,35,|131|38|232|
20,38,|1|166|108|
21,39,|8|38|59|
22,40,|8|1|51|
23,44,|257|101|55|
24,45,|19|1|64|
25,48,|106|44|4|
26,54,|14|46|88|
27,56,|17|129|175|
28,58,|0|262|246|
29,59,|1|0|117|
30,60,|11|1|128|
31,61,|1|59|30|
32,62,|11|141|14|
33,63,|0|69|244|
34,64,|0|65|166|
35,67,|21|97|0|
36,68,|45|44|0|
37,69,|79|64|180|
38,71,|260|53|240|
39,72,|1|72|226|
40,73,|36|0|35|
41,74,|19|94|5|
42,75,|1|63|7|
43,76,|201|2|142|
44,80,|19|12|47|
45,83,|1|12|240|
46,84,|0|132|233|
47,85,|38|36|256|
48,87,|14|21|3|
49,89,|63|55|1|
50,90,|109|0|43|
51,91,|1|5|56|
52,97,|1|37|5|
53,99,|227|25|198|
54,100,|138|13|272|
55,101,|1|120|104|
56,102,|0|1|240|
57,103,|38|194|100|
58,104,|176|1|192|
59,105,|21|124|192|
60,106,|1|212|77|
61,108,|0|271|254|
62,109,|186|70|1|
63,110,|237|282|8|
64,111,|4|116|5|
65,112,|2|20|52|
66,114,|33|48|147|
67,116,|256|174|121|
68,117,|2|23|12|
69,119,|192|0|2|
70,120,|180|8|100|
71,121,|5|256|1|
72,122,|0|1|123|
73,123,|187|111|23|
74,126,|106|97|259|
75,127,|147|2|158|
76,128,|1|66|156|
77,129,|131|1|256|
78,131,|17|12|80|
79,136,|6|1|171|
80,137,|140|0|46|
81,138,|13|1|35|
82,139,|0|12|29|
83,141,|47|12|0|
84,143,|148|201|244|
85,144,|166|168|108|
86,145,|255|103|5|
87,146,|5|1|159|
88,147,|2|288|298|
89,148,|131|171|122|
90,150,|129|3|240|
91,152,|160|193|26|
92,153,|96|226|131|
93,154,|2|0|17|
94,155,|232|13|21|
95,156,|59|5|0|
96,157,|70|230|12|
97,158,|5|101|30|
98,160,|232|131|59|
99,162,|2|52|59|
100,163,|0|7|114|
101,164,|5|134|244|
102,165,|2|48|124|
103,166,|38|79|194|
104,167,|29|13|72|
105,168,|61|2|130|
106,169,|133|2|198|
107,171,|135|1|0|
108,172,|48|38|50|
109,173,|1|180|178|
110,174,|237|141|282|
111,177,|0|260|243|
112,178,|106|12|0|
113,181,|11|31|35|
114,182,|223|2|5|
115,183,|15|2|64|
116,184,|105|256|49|
117,185,|1|5|222|
118,188,|56|1|2|
119,190,|1|112|201|
120,191,|59|47|21|
121,194,|0|42|114|
122,195,|45|186|9|
123,196,|227|178|130|
124,198,|2|50|61|
125,199,|2|21|0|
126,201,|17|242|5|
127,203,|0|38|99|
128,204,|97|6|78|
129,205,|1|8|170|
130,207,|52|0|1|
131,208,|2|122|141|
132,210,|8|136|79|
133,211,|2|15|165|
134,212,|2|33|1|
135,213,|256|131|251|
136,215,|48|106|13|
137,217,|0|226|72|
138,218,|194|79|259|
139,221,|187|189|123|
140,222,|2|4|106|
141,225,|4|292|243|
142,226,|48|50|1|
143,227,|0|167|231|
144,228,|2|12|221|
145,229,|2|12|0|
146,231,|79|16|38|
147,233,|62|250|12|
148,235,|85|1|0|
149,236,|162|7|49|
150,237,|12|141|19|
151,238,|11|23|32|
152,240,|79|36|1|
153,241,|24|69|0|
154,244,|95|256|39|
155,247,|187|1|21|
156,249,|1|97|7|
157,250,|196|66|1|
158,251,|1|11|161|
159,252,|14|96|0|
160,254,|14|260|75|
161,255,|79|38|194|
162,257,|79|61|36|
163,262,|282|44|198|
164,265,|1|14|95|
165,266,|17|19|59|
166,267,|162|1|181|
167,268,|76|33|39|
168,271,|93|7|21|
169,273,|79|23|194|
170,276,|205|1|198|
171,278,|107|0|38|
172,279,|105|26|31|
173,280,|5|17|48|
174,283,|53|5|2|
175,285,|23|1|62|
176,287,|1|242|183|
177,288,|79|45|211|
178,290,|166|153|36|
179,294,|114|15|33|
180,296,|210|1|0|
181,297,|100|281|287|
182,299,|9|13|256|
183,301,|8|256|186|
184,303,|78|1|49|
185,306,|25|270|63|
186,309,|8|229|64|
187,310,|0|148|39|
188,313,|24|130|189|
189,316,|128|180|238|
190,317,|187|274|1|
191,318,|105|133|132|
192,319,|238|199|0|
193,321,|12|19|148|
194,323,|106|5|11|
195,324,|158|1|196|
196,325,|42|178|259|
197,326,|14|0|50|
198,327,|131|79|1|
199,331,|69|16|0|
200,332,|59|2|230|
201,335,|1|179|251|
202,337,|217|63|7|
203,339,|97|136|44|
204,341,|8|17|21|
205,343,|4|5|250|
206,347,|251|4|250|
207,349,|2|1|8|
208,350,|14|0|198|
209,352,|1|9|14|
210,354,|35|1|128|
211,356,|0|216|69|
212,357,|1|5|42|
213,361,|89|59|4|
214,362,|157|2|64|
215,369,|48|136|1|
216,371,|23|232|0|
217,372,|70|0|2|
218,373,|5|0|281|
219,375,|2|89|69|
220,376,|1|203|50|
221,378,|297|2|5|
222,379,|99|59|257|
223,380,|12|1|79|
224,382,|227|16|285|
225,383,|2|230|47|
226,387,|202|14|56|
227,388,|128|278|102|
228,390,|79|5|38|
229,392,|36|229|194|
230,393,|2|0|195|
231,394,|0|50|247|
232,395,|1|4|107|
233,397,|0|72|66|
234,403,|256|160|111|
235,405,|3|263|117|
236,408,|15|86|128|
237,409,|2|0|31|
238,412,|5|12|109|
239,416,|1|5|2|
240,420,|5|2|250|
241,422,|1|259|5|
242,427,|35|138|62|
243,430,|21|72|256|
244,431,|131|59|240|
245,436,|2|11|113|
246,437,|5|250|26|
247,440,|95|298|2|
248,442,|1|112|100|
249,445,|120|128|73|
250,446,|2|8|12|
251,450,|2|151|72|
252,451,|5|1|16|
253,454,|117|1|174|
254,456,|69|59|0|
255,457,|0|206|66|
256,458,|13|97|35|
257,459,|36|97|175|
258,461,|38|210|0|
259,462,|98|199|191|
260,463,|1|20|2|
261,464,|0|145|1|
262,465,|1|0|19|
263,466,|145|2|1|
264,469,|41|256|217|
265,474,|249|77|196|
266,475,|198|4|45|
267,476,|192|5|21|
268,479,|57|11|13|
269,480,|100|131|180|
270,481,|2|46|84|
271,482,|5|263|113|
272,483,|292|192|138|
273,491,|36|97|94|
274,494,|19|221|273|
275,495,|33|7|15|
276,498,|23|47|0|
277,499,|2|226|1|
278,501,|2|64|193|
279,504,|10|160|68|
280,506,|260|61|121|
281,507,|25|195|3|
282,511,|0|24|30|
283,513,|8|1|72|
284,516,|36|1|282|
285,517,|79|36|38|
286,519,|1|2|250|
287,523,|1|5|16|
288,524,|8|48|14|
289,528,|1|266|70|
290,529,|7|1|0|
291,532,|2|96|180|
292,533,|11|145|205|
293,535,|3|55|117|
294,539,|97|59|128|
295,540,|202|56|146|
296,542,|0|289|92|
297,544,|15|0|206|
298,545,|2|72|5|
299,547,|239|7|64|
300,548,|21|105|1|
301,551,|70|257|62|
302,554,|17|282|66|
303,555,|0|280|61|
304,559,|1|5|14|
305,562,|2|201|62|
306,566,|116|25|216|
307,568,|11|19|192|
308,571,|17|262|195|
309,572,|2|5|7|
310,573,|128|65|99|
311,578,|262|170|232|
312,581,|2|89|50|
313,583,|170|5|186|
314,584,|23|1|53|
315,585,|5|23|60|
316,589,|11|1|86|
317,597,|1|15|214|
318,599,|2|52|117|
319,606,|0|12|21|
320,610,|29|174|0|
321,616,|106|1|48|
322,618,|135|0|209|
323,619,|6|0|206|
324,632,|55|0|31|
325,646,|9|5|0|
326,648,|0|106|53|
327,652,|148|151|47|
328,656,|1|70|156|
329,662,|151|0|156|
330,666,|5|13|256|
331,669,|40|50|44|
332,672,|8|227|281|
333,674,|282|67|257|
334,675,|23|2|174|
335,677,|61|195|189|
336,678,|1|39|179|
337,679,|13|130|53|
338,684,|113|47|112|
339,686,|109|35|2|
340,687,|23|136|1|
341,688,|23|251|71|
342,689,|194|35|221|
343,691,|48|1|184|
344,697,|11|21|5|
345,699,|124|8|88|
346,702,|76|7|21|
347,704,|35|1|45|
348,706,|1|175|96|
349,707,|0|1|33|
350,710,|233|1|5|
351,711,|226|5|4|
352,712,|79|258|59|
353,713,|97|38|157|
354,714,|5|19|2|
355,717,|1|59|9|
356,719,|194|67|242|
357,720,|50|136|11|
358,721,|5|2|14|
359,726,|8|259|46|
360,733,|5|185|106|
361,734,|79|48|25|
362,735,|168|100|7|
363,747,|107|104|2|
364,749,|56|222|2|
365,750,|129|136|251|
366,753,|114|1|57|
367,757,|3|21|33|
368,759,|1|43|44|
369,760,|266|142|126|
370,761,|31|166|94|
371,768,|131|41|112|
372,770,|136|295|76|
373,772,|2|0|273|
374,777,|61|5|0|
375,778,|2|237|92|
376,781,|2|134|76|
377,783,|2|43|3|
378,787,|146|13|0|
379,790,|64|158|184|
380,793,|2|3|0|
381,794,|1|11|108|
382,796,|1|14|8|
383,798,|48|1|35|
384,800,|2|268|249|
385,803,|92|16|0|
386,807,|86|44|31|
387,808,|106|161|237|
388,810,|65|5|124|
389,812,|2|17|184|
390,818,|140|13|129|
391,819,|30|72|129|
392,820,|5|1|43|
393,821,|2|242|11|
394,822,|0|33|111|
395,833,|114|256|1|
396,835,|2|14|15|
397,839,|12|128|179|
398,840,|88|259|66|
399,843,|116|129|7|
400,848,|2|105|33|
401,849,|81|1|242|
402,852,|39|62|2|
403,854,|3|135|52|
404,857,|192|191|25|
405,862,|185|106|57|
406,865,|1|2|17|
407,866,|106|128|0|
408,868,|13|161|42|
409,870,|11|46|192|
410,871,|50|119|142|
411,872,|8|63|3|
412,876,|79|2|5|
413,879,|2|59|1|
414,880,|153|144|125|
415,881,|1|17|45|
416,883,|16|159|2|
417,885,|48|257|249|
418,886,|11|0|4|
419,888,|67|0|180|
420,889,|1|40|237|
421,892,|107|29|2|
422,896,|4|11|0|
423,900,|1|50|122|
424,904,|2|7|24|
425,905,|265|86|29|
426,908,|1|4|9|
427,914,|56|1|3|
428,915,|79|8|242|
429,918,|5|9|146|
430,919,|2|144|114|
431,921,|2|45|246|
432,923,|5|21|17|
433,925,|105|5|298|
434,926,|30|17|193|
435,929,|61|1|59|
436,930,|23|17|263|
437,932,|216|138|81|
438,934,|1|79|140|
439,936,|36|31|1|
440,939,|1|24|67|
441,940,|168|3|161|
442,942,|233|11|213|
443,950,|137|141|7|
444,951,|113|195|0|
445,953,|64|65|92|
446,956,|1|45|120|
447,957,|2|109|108|
448,959,|210|1|171|
449,960,|59|5|0|
450,962,|5|4|55|
451,965,|38|13|72|
452,966,|7|59|259|
453,970,|131|17|92|
454,972,|0|47|122|
455,973,|79|1|0|
456,977,|106|3|63|
457,978,|174|0|112|
458,979,|13|0|61|
459,981,|72|45|0|
460,986,|9|96|143|
461,987,|42|2|1|
462,991,|11|1|183|
463,996,|109|7|42|
464,999,|5|66|3|
465,1001,|1|17|77|
466,1003,|5|247|13|
467,1005,|107|12|200|
468,1008,|1|15|167|
469,1011,|94|133|5|
470,1013,|1|0|174|
471,1015,|13|4|129|
472,1017,|70|188|1|
473,1021,|33|164|292|
474,1023,|188|0|2|
475,1025,|129|5|266|
476,1027,|1|100|12|
477,1031,|161|47|0|
478,1033,|63|57|0|
479,1034,|2|114|29|
480,1037,|50|0|60|
481,1040,|1|200|2|
482,1041,|256|257|239|
483,1042,|52|129|1|
484,1043,|5|59|226|
485,1047,|36|38|79|
486,1052,|144|55|62|
487,1053,|14|251|8|
488,1054,|1|139|31|
489,1056,|234|216|64|
490,1058,|1|256|241|
491,1059,|43|128|196|
492,1061,|129|52|117|
493,1064,|1|214|167|
494,1065,|15|1|0|
495,1067,|11|14|23|
496,1070,|21|79|1|
497,1071,|1|5|241|
498,1073,|2|274|23|
499,1074,|1|11|151|
500,1075,|2|1|246|
501,1077,|1|101|91|
502,1081,|2|17|157|
503,1083,|128|131|98|
504,1084,|1|98|90|
505,1086,|1|103|33|
506,1087,|111|256|257|
507,1088,|1|2|214|
508,1089,|107|91|71|
509,1091,|47|5|50|
510,1092,|39|2|40|
511,1093,|17|60|0|
512,1094,|0|7|237|
513,1100,|20|42|263|
514,1107,|64|1|156|
515,1116,|29|1|182|
516,1117,|1|14|13|
517,1118,|1|61|257|
518,1120,|2|177|0|
519,1122,|50|29|2|
520,1124,|291|240|292|
521,1126,|82|2|260|
522,1127,|59|17|47|
523,1129,|233|86|73|
524,1130,|1|107|224|
525,1135,|64|36|70|
526,1137,|35|174|161|
527,1138,|4|221|201|
528,1142,|1|7|13|
529,1143,|174|131|15|
530,1145,|136|210|1|
531,1153,|124|76|256|
532,1156,|127|107|29|
533,1161,|24|198|0|
534,1162,|115|224|181|
535,1164,|17|36|1|
536,1170,|95|161|130|
537,1171,|0|1|107|
538,1172,|19|0|172|
539,1177,|7|2|165|
540,1179,|21|256|298|
541,1180,|50|0|189|
542,1183,|229|93|218|
543,1185,|106|38|0|
544,1186,|8|15|38|
545,1187,|0|97|133|
546,1189,|1|5|101|
547,1190,|98|128|188|
548,1193,|5|128|61|
549,1194,|95|288|31|
550,1195,|13|1|160|
551,1197,|3|162|113|
552,1199,|29|1|47|
553,1200,|7|5|256|
554,1202,|8|36|14|
555,1207,|19|33|0|
556,1208,|9|1|211|
557,1209,|126|11|152|
558,1210,|2|6|77|
559,1211,|42|4|57|
560,1214,|128|1|123|
561,1219,|13|64|93|
562,1220,|2|64|0|
563,1221,|2|5|242|
564,1222,|38|21|64|
565,1223,|3|185|106|
566,1224,|52|84|65|
567,1226,|48|0|261|
568,1234,|160|142|219|
569,1235,|9|4|30|
570,1237,|36|97|133|
571,1238,|1|38|2|
572,1240,|123|81|0|
573,1243,|1|249|67|
574,1244,|187|103|84|
575,1247,|235|2|200|
576,1249,|30|183|50|
577,1254,|225|2|179|
578,1255,|2|8|79|
579,1259,|219|29|1|
580,1261,|5|25|59|
581,1262,|5|3|0|
582,1264,|5|44|128|
583,1265,|2|78|203|
584,1266,|45|31|60|
585,1267,|7|0|69|
586,1268,|1|100|60|
587,1269,|2|5|35|
588,1276,|5|94|256|
589,1279,|2|207|52|
590,1280,|144|114|31|
591,1282,|233|21|4|
592,1283,|49|21|128|
593,1284,|1|5|232|
594,1286,|33|65|2|
595,1289,|21|255|7|
596,1290,|230|129|12|
597,1291,|2|206|5|
598,1294,|59|72|5|
599,1296,|2|1|47|
600,1297,|16|72|128|
601,1298,|5|21|1|
602,1304,|2|9|237|
603,1305,|79|295|8|
604,1306,|7|2|297|
605,1307,|47|270|61|
606,1311,|1|5|81|
607,1316,|221|0|53|
608,1325,|38|79|15|
609,1326,|19|66|185|
610,1331,|2|264|38|
611,1334,|89|69|67|
612,1337,|8|4|115|
613,1339,|0|60|240|
614,1341,|139|61|124|
615,1342,|161|1|191|
616,1346,|29|23|1|
617,1347,|97|128|98|
618,1354,|168|25|1|
619,1356,|0|115|35|
620,1357,|11|145|1|
621,1358,|108|81|188|
622,1362,|48|19|131|
623,1363,|23|1|167|
624,1364,|134|50|112|
625,1366,|1|184|241|
626,1368,|2|174|223|
627,1369,|103|19|1|
628,1373,|79|77|56|
629,1376,|48|9|253|
630,1380,|251|11|20|
631,1381,|94|33|60|
632,1383,|8|38|49|
633,1388,|11|114|86|
634,1391,|0|72|17|
635,1392,|39|1|73|
636,1393,|29|257|80|
637,1396,|112|149|79|
638,1400,|33|59|18|
639,1402,|220|3|60|
640,1403,|107|47|260|
641,1404,|1|14|38|
642,1405,|256|192|244|
643,1406,|17|2|172|
644,1407,|19|4|66|
645,1410,|1|178|119|
646,1412,|35|0|60|
647,1416,|107|39|0|
648,1419,|49|0|56|
649,1425,|47|218|51|
650,1428,|140|2|45|
651,1429,|2|26|120|
652,1432,|11|17|1|
653,1434,|1|177|105|
654,1437,|101|266|275|
655,1441,|135|141|124|
656,1445,|1|202|56|
657,1451,|3|2|39|
658,1453,|133|33|98|
659,1458,|151|214|14|
660,1459,|3|0|188|
661,1463,|0|17|189|
662,1474,|1|5|0|
663,1475,|36|76|188|
664,1485,|114|0|1|
665,1486,|72|61|2|
666,1491,|185|263|96|
667,1494,|239|5|14|
668,1496,|36|48|0|
669,1504,|1|237|99|
670,1514,|1|3|29|
671,1516,|235|70|26|
672,1519,|2|48|25|
673,1524,|1|166|244|
674,1526,|76|4|57|
675,1527,|19|29|258|
676,1533,|33|183|1|
677,1534,|44|35|136|
678,1535,|5|188|130|
679,1548,|47|0|49|
680,1567,|2|13|55|
681,1569,|1|49|53|
682,1570,|179|21|0|
683,1573,|85|65|1|
684,1576,|79|1|130|
685,1578,|0|2|238|
686,1580,|7|52|178|
687,1581,|4|8|128|
688,1585,|138|142|21|
689,1594,|2|133|66|
690,1598,|19|148|30|
691,1602,|128|35|155|
692,1607,|5|270|0|
693,1609,|257|172|250|
694,1610,|36|48|194|
695,1613,|21|42|1|
696,1618,|258|14|93|
697,1619,|5|9|18|
698,1620,|116|153|62|
699,1626,|38|116|144|
700,1630,|1|50|5|
701,1631,|2|12|76|
702,1635,|3|189|112|
703,1639,|184|2|55|
704,1643,|13|152|1|
705,1645,|2|5|129|
706,1648,|1|16|41|
707,1649,|2|190|251|
708,1653,|194|35|69|
709,1660,|50|56|1|
710,1661,|38|35|273|
711,1663,|59|2|106|
712,1664,|17|47|0|
713,1666,|1|2|98|
714,1668,|36|0|188|
715,1674,|17|0|51|
716,1675,|5|2|175|
717,1676,|26|72|2|
718,1677,|65|0|163|
719,1682,|44|59|1|
720,1683,|79|38|72|
721,1688,|1|67|2|
722,1690,|112|33|2|
723,1692,|23|205|164|
724,1694,|33|72|18|
725,1697,|194|2|36|
726,1698,|13|38|1|
727,1714,|1|4|176|
728,1717,|19|47|141|
729,1718,|108|44|1|
730,1719,|6|2|168|
731,1720,|36|269|229|
732,1724,|38|2|188|
733,1725,|1|7|69|
734,1729,|2|99|26|
735,1734,|14|52|0|
736,1735,|149|48|0|
737,1738,|79|14|38|
738,1739,|19|7|78|
739,1742,|2|25|256|
740,1743,|11|1|0|
741,1745,|223|5|60|
742,1753,|267|287|161|
743,1754,|2|47|4|
744,1758,|43|1|85|
745,1762,|4|2|55|
746,1765,|7|193|17|
747,1768,|1|164|72|
748,1775,|5|146|128|
749,1782,|237|59|230|
750,1784,|0|2|116|
751,1789,|97|14|59|
752,1790,|67|24|116|
753,1791,|216|210|188|
754,1793,|0|205|182|
755,1796,|104|20|48|
756,1797,|79|38|1|
757,1798,|295|95|143|
758,1799,|104|298|128|
759,1801,|12|9|42|
760,1802,|107|68|11|
761,1803,|76|265|256|
762,1804,|1|30|177|
763,1808,|13|1|49|
764,1810,|80|16|131|
765,1811,|2|12|215|
766,1815,|21|106|263|
767,1817,|255|4|24|
768,1818,|1|106|128|
769,1820,|5|0|172|
770,1821,|25|11|77|
771,1823,|112|9|2|
772,1832,|1|31|196|
773,1834,|1|170|239|
774,1835,|18|69|145|
775,1839,|270|19|148|
776,1841,|1|61|21|
777,1843,|285|50|1|
778,1844,|1|5|60|
779,1846,|2|26|50|
780,1847,|2|29|15|
781,1848,|43|0|41|
782,1856,|11|221|21|
783,1858,|129|201|108|
784,1860,|2|4|112|
785,1866,|2|251|254|
786,1868,|120|19|8|
787,1870,|1|9|2|
788,1871,|62|23|162|
789,1874,|6|11|13|
790,1880,|122|133|6|
791,1881,|5|0|116|
792,1882,|194|298|128|
793,1888,|5|262|237|
794,1893,|7|2|195|
795,1894,|76|257|69|
796,1897,|13|167|4|
797,1898,|296|80|206|
798,1899,|1|3|251|
799,1900,|7|259|185|
800,1903,|17|77|63|
801,1904,|226|145|33|
802,1905,|256|56|122|
803,1907,|2|51|6|
804,1919,|38|19|194|
805,1925,|192|228|125|
806,1933,|11|23|1|
807,1935,|61|0|24|
808,1936,|44|45|2|
809,1937,|36|44|2|
810,1939,|11|233|19|
811,1940,|29|2|16|
812,1942,|29|0|16|
813,1944,|20|259|193|
814,1951,|8|194|258|
815,1957,|1|136|95|
816,1959,|2|5|276|
817,1960,|1|251|179|
818,1962,|123|2|46|
819,1968,|4|176|123|
820,1974,|1|162|92|
821,1976,|256|56|251|
822,1977,|47|7|15|
823,1981,|1|29|14|
824,1982,|1|63|21|
825,1984,|1|2|5|
826,1992,|1|11|25|
827,1998,|2|5|0|
828,1999,|2|37|116|
829,2000,|4|187|124|
830,2001,|76|194|38|
831,2008,|106|214|129|
832,2010,|23|11|217|
833,2011,|22|193|275|
834,2018,|280|114|48|
835,2020,|36|14|40|
836,2021,|11|219|7|
837,2022,|290|217|7|
838,2027,|69|0|3|
839,2032,|14|15|0|
840,2035,|2|205|59|
841,2037,|45|195|259|
842,2038,|188|97|45|
843,2039,|12|14|19|
844,2041,|105|160|289|
845,2042,|1|212|55|
846,2043,|44|4|121|
847,2046,|251|52|2|
848,2047,|111|14|128|
849,2048,|100|31|195|
850,2054,|69|72|14|
851,2056,|14|2|9|
852,2058,|188|160|5|
853,2065,|256|4|56|
854,2069,|51|256|2|
855,2071,|1|126|140|
856,2072,|114|12|29|
857,2073,|40|17|0|
858,2074,|102|81|133|
859,2075,|1|63|0|
860,2077,|217|24|216|
861,2078,|5|14|128|
862,2080,|1|191|236|
863,2085,|1|65|115|
864,2087,|72|59|17|
865,2089,|7|15|24|
866,2090,|249|7|30|
867,2095,|109|23|62|
868,2098,|2|38|14|
869,2099,|50|12|21|
870,2103,|5|13|30|
871,2104,|9|0|162|
872,2108,|259|4|102|
873,2113,|1|9|56|
874,2114,|8|264|79|
875,2119,|13|20|55|
876,2120,|48|8|243|
877,2121,|1|258|176|
878,2122,|176|101|62|
879,2127,|13|68|2|
880,2132,|19|29|2|
881,2137,|67|286|1|
882,2140,|2|237|9|
883,2141,|5|59|2|
884,2144,|1|33|129|
885,2149,|0|179|105|
886,2151,|48|16|1|
887,2155,|44|5|4|
888,2159,|2|69|4|
889,2162,|7|42|200|
890,2164,|116|14|71|
891,2166,|5|201|76|
892,2167,|0|81|55|
893,2169,|106|1|99|
894,2170,|62|108|1|
895,2173,|1|26|184|
896,2175,|193|129|30|
897,2176,|55|1|118|
898,2181,|44|1|17|
899,2183,|60|2|5|
900,2189,|5|81|1|
901,2193,|219|50|2|
902,2194,|97|256|49|
903,2196,|7|108|12|
904,2197,|194|106|264|
905,2198,|77|0|257|
906,2199,|79|8|36|
907,2200,|38|106|19|
908,2202,|69|1|205|
909,2204,|121|134|18|
910,2207,|9|97|2|
911,2208,|138|1|50|
912,2209,|29|1|32|
913,2211,|133|70|130|
914,2216,|2|9|70|
915,2218,|2|30|127|
916,2221,|40|133|1|
917,2222,|210|194|96|
918,2227,|0|24|9|
919,2231,|47|259|4|
920,2234,|216|86|7|
921,2236,|117|21|0|
922,2237,|62|29|2|
923,2238,|11|13|20|
924,2239,|79|48|59|
925,2240,|1|5|120|
926,2243,|1|14|52|
927,2245,|5|247|1|
928,2246,|226|16|17|
929,2247,|162|1|179|
930,2251,|1|2|256|
931,2262,|19|276|4|
932,2268,|2|202|64|
933,2273,|2|111|106|
934,2275,|9|29|295|
935,2278,|210|53|0|
936,2280,|13|136|9|
937,2281,|33|5|61|
938,2282,|289|45|62|
939,2286,|1|270|15|
940,2288,|2|1|138|
941,2292,|1|237|46|
942,2294,|60|0|86|
943,2297,|2|5|128|
944,2298,|5|189|131|
945,2302,|19|0|218|
946,2305,|60|52|0|
947,2307,|2|15|217|
948,2310,|16|115|19|
949,2313,|44|36|184|
950,2315,|79|2|194|
951,2317,|188|167|0|
952,2322,|4|5|9|
953,2323,|23|29|161|
954,2324,|14|66|1|
955,2325,|1|138|57|
956,2327,|259|59|108|
957,2328,|1|60|115|
958,2335,|48|38|36|
959,2336,|38|48|0|
960,2338,|1|8|13|
961,2340,|141|0|184|
962,2352,|2|19|61|
963,2357,|2|9|257|
964,2358,|1|2|39|
965,2362,|2|5|57|
966,2363,|179|7|79|
967,2372,|2|11|0|
968,2376,|21|2|225|
969,2377,|126|5|179|
970,2379,|116|188|0|
971,2390,|13|48|21|
972,2404,|7|31|1|
973,2405,|226|1|129|
974,2407,|2|0|79|
975,2408,|251|21|65|
976,2409,|122|42|45|
977,2410,|64|259|237|
978,2412,|38|42|52|
979,2416,|93|256|33|
980,2417,|81|12|16|
981,2420,|2|273|55|
982,2427,|3|46|108|
983,2429,|188|5|1|
984,2430,|79|96|97|
985,2433,|1|136|295|
986,2451,|1|5|13|
987,2458,|109|131|4|
988,2459,|21|17|274|
989,2463,|42|109|257|
990,2465,|2|133|293|
991,2467,|70|1|2|
992,2469,|81|1|21|
993,2471,|48|38|36|
994,2473,|66|61|5|
995,2478,|33|78|184|
996,2480,|106|257|78|
997,2482,|5|1|291|
998,2483,|48|149|38|
999,2486,|48|194|44|
1000,2490,|2|133|140|
1001,2493,|61|190|237|
1002,2499,|13|29|128|
1003,2500,|2|137|13|
1004,2503,|1|60|0|
1005,2512,|1|48|8|
1006,2518,|1|154|69|
1007,2523,|19|33|103|
1008,2531,|39|92|86|
1009,2542,|2|0|91|
1010,2546,|5|2|240|
1011,2555,|1|2|61|
1012,2560,|80|0|256|
1013,2562,|2|0|59|
1014,2569,|149|61|3|
1015,2570,|67|138|92|
1016,2580,|4|257|72|
1017,2584,|2|250|5|
1018,2591,|128|257|120|
1019,2593,|187|2|149|
1020,2595,|70|116|57|
1021,2596,|42|21|81|
1022,2599,|0|5|30|
1023,2600,|256|78|124|
1024,2601,|5|14|2|
1025,2606,|70|173|111|
1026,2611,|149|211|50|
1027,2618,|187|2|19|
1028,2623,|47|256|59|
1029,2624,|59|0|128|
1030,2626,|60|0|56|
1031,2628,|1|24|45|
1032,2632,|244|53|241|
1033,2640,|14|1|52|
1034,2642,|13|76|140|
1035,2643,|2|174|143|
1036,2647,|2|128|191|
1037,2653,|1|239|4|
1038,2654,|1|14|76|
1039,2657,|1|24|166|
1040,2661,|4|9|0|
1041,2663,|9|12|14|
1042,2664,|138|70|50|
1043,2669,|17|202|129|
1044,2670,|2|39|101|
1045,2671,|0|40|240|
1046,2672,|81|70|67|
1047,2675,|25|138|46|
1048,2677,|5|46|1|
1049,2678,|1|142|105|
1050,2681,|15|36|76|
1051,2683,|0|2|111|
1052,2687,|281|1|201|
1053,2690,|112|71|258|
1054,2692,|238|44|5|
1055,2696,|1|25|21|
1056,2699,|48|79|180|
1057,2700,|1|4|108|
1058,2705,|40|17|64|
1059,2711,|31|199|3|
1060,2712,|2|86|0|
1061,2715,|79|194|38|
1062,2717,|5|46|81|
1063,2721,|1|0|210|
1064,2727,|1|25|200|
1065,2729,|23|251|21|
1066,2733,|5|128|189|
1067,2736,|12|16|62|
1068,2738,|5|0|99|
1069,2741,|2|106|273|
1070,2742,|203|136|180|
1071,2745,|95|68|133|
1072,2749,|0|44|256|
1073,2755,|2|5|112|
1074,2764,|292|50|1|
1075,2766,|45|205|134|
1076,2772,|2|84|33|
1077,2774,|1|288|128|
1078,2775,|117|257|221|
1079,2777,|2|167|214|
1080,2778,|72|186|195|
1081,2783,|1|38|201|
1082,2786,|8|0|61|
1083,2787,|4|16|87|
1084,2788,|5|22|62|
1085,2789,|188|70|3|
1086,2790,|59|134|170|
1087,2791,|9|129|36|
1088,2793,|38|1|125|
1089,2794,|240|6|12|
1090,2796,|2|139|13|
1091,2798,|1|178|20|
1092,2800,|1|61|48|
1093,2801,|219|9|195|
1094,2804,|2|175|256|
1095,2813,|20|256|45|
1096,2815,|14|31|0|
1097,2817,|24|0|175|
1098,2820,|113|142|11|
1099,2821,|38|48|261|
1100,2822,|166|0|44|
1101,2825,|1|274|2|
1102,2826,|130|211|55|
1103,2830,|2|0|37|
1104,2832,|274|151|86|
1105,2838,|0|49|172|
1106,2840,|255|81|185|
1107,2843,|104|0|130|
1108,2845,|13|21|281|
1109,2850,|1|229|63|
1110,2866,|176|43|120|
1111,2867,|2|260|123|
1112,2869,|77|4|1|
1113,2871,|133|5|126|
1114,2872,|6|299|2|
1115,2876,|1|264|170|
1116,2877,|156|1|50|
1117,2885,|95|24|30|
1118,2895,|188|67|0|
1119,2904,|2|60|0|
1120,2917,|1|5|254|
1121,2923,|2|77|60|
1122,2926,|200|63|130|
1123,2932,|232|50|140|
1124,2938,|13|45|0|
1125,2942,|15|21|31|
1126,2943,|2|87|289|
1127,2944,|1|13|76|
1128,2946,|21|256|254|
1129,2951,|2|15|17|
1130,2956,|8|99|215|
1131,2959,|128|201|192|
1132,2961,|0|131|236|
1133,2966,|116|188|1|
1134,2971,|85|157|257|
1135,2973,|2|257|223|
1136,2977,|7|135|250|
1137,2980,|8|55|0|
1138,2981,|1|297|117|
1139,2985,|106|84|0|
1140,2989,|1|5|85|
1141,2990,|1|191|95|
1142,2995,|55|2|4|
1143,2997,|131|295|232|
1144,2999,|2|35|39|
1145,3001,|102|1|64|
1146,3005,|38|44|261|
1147,3008,|16|0|64|
1148,3012,|1|4|298|
1149,3013,|79|38|2|
1150,3014,|21|61|2|
1151,3020,|195|5|11|
1152,3022,|185|68|189|
1153,3034,|48|112|100|
1154,3035,|2|255|233|
1155,3036,|4|25|128|
1156,3038,|1|8|44|
1157,3040,|11|2|106|
1158,3046,|2|45|40|
1159,3048,|128|57|123|
1160,3049,|9|34|67|
1161,3051,|61|0|198|
1162,3053,|187|1|257|
1163,3054,|59|5|2|
1164,3055,|2|138|244|
1165,3062,|15|26|126|
1166,3065,|251|14|2|
1167,3079,|20|66|16|
1168,3080,|5|188|116|
1169,3083,|2|35|189|
1170,3084,|57|200|9|
1171,3085,|25|2|1|
1172,3088,|2|279|78|
1173,3091,|17|273|33|
1174,3093,|114|39|1|
1175,3095,|1|140|24|
1176,3098,|5|2|188|
1177,3101,|131|5|44|
1178,3102,|46|3|50|
1179,3104,|271|0|67|
1180,3107,|167|223|52|
1181,3108,|232|1|0|
1182,3109,|1|72|131|
1183,3117,|34|293|109|
1184,3118,|164|268|142|
1185,3121,|194|105|48|
1186,3122,|106|4|59|
1187,3126,|1|142|66|
1188,3129,|185|126|159|
1189,3131,|33|0|72|
1190,3132,|2|237|62|
1191,3133,|79|250|36|
1192,3134,|48|49|239|
1193,3135,|2|59|12|
1194,3138,|135|275|225|
1195,3140,|2|227|62|
1196,3141,|79|36|5|
1197,3146,|1|4|92|
1198,3147,|128|1|248|
1199,3150,|50|53|239|
1200,3151,|256|216|184|
1201,3160,|130|171|238|
1202,3161,|164|3|68|
1203,3162,|1|116|188|
1204,3164,|2|210|25|
1205,3166,|8|194|2|
1206,3169,|267|214|2|
1207,3171,|48|194|2|
1208,3172,|1|21|112|
1209,3174,|1|213|15|
1210,3175,|182|0|257|
1211,3177,|5|69|62|
1212,3178,|159|36|297|
1213,3180,|15|5|119|
1214,3181,|259|15|68|
1215,3186,|29|256|173|
1216,3187,|167|69|170|
1217,3193,|13|213|59|
1218,3196,|42|16|285|
1219,3201,|55|1|189|
1220,3207,|2|106|223|
1221,3208,|17|213|2|
1222,3215,|38|201|102|
1223,3217,|175|0|42|
1224,3220,|2|42|135|
1225,3227,|1|43|2|
1226,3228,|5|1|44|
1227,3232,|2|92|44|
1228,3233,|137|132|45|
1229,3235,|23|13|206|
1230,3244,|0|44|251|
1231,3252,|2|1|14|
1232,3253,|59|33|64|
1233,3254,|260|30|168|
1234,3257,|33|12|0|
1235,3259,|2|1|187|
1236,3260,|43|0|50|
1237,3261,|2|79|1|
1238,3271,|1|5|78|
1239,3272,|38|106|214|
1240,3274,|0|69|146|
1241,3278,|2|187|43|
1242,3281,|76|91|120|
1243,3285,|2|256|296|
1244,3286,|35|5|198|
1245,3290,|94|271|5|
1246,3296,|263|225|208|
1247,3300,|48|57|122|
1248,3304,|79|97|35|
1249,3305,|162|112|0|
1250,3306,|279|219|33|
1251,3313,|48|180|118|
1252,3316,|72|3|63|
1253,3325,|16|151|1|
1254,3326,|9|25|5|
1255,3328,|5|206|0|
1256,3331,|1|47|106|
1257,3336,|1|18|72|
1258,3344,|59|50|1|
1259,3347,|21|2|1|
1260,3349,|1|0|52|
1261,3352,|55|243|259|
1262,3357,|194|30|79|
1263,3367,|38|138|179|
1264,3368,|107|216|1|
1265,3369,|1|24|5|
1266,3374,|2|9|0|
1267,3380,|124|233|52|
1268,3384,|1|5|192|
1269,3385,|79|0|259|
1270,3386,|1|37|16|
1271,3389,|1|180|48|
1272,3403,|1|79|188|
1273,3404,|55|15|227|
1274,3408,|185|156|14|
1275,3413,|240|24|259|
1276,3418,|22|62|2|
1277,3428,|10|270|68|
1278,3432,|2|5|54|
1279,3434,|1|106|101|
1280,3436,|87|186|128|
1281,3437,|26|60|257|
1282,3444,|20|67|62|
1283,3445,|242|0|63|
1284,3448,|12|0|215|
1285,3449,|70|67|6|
1286,3451,|106|159|80|
1287,3452,|33|0|19|
1288,3458,|14|0|215|
1289,3463,|16|299|256|
1290,3472,|31|230|30|
1291,3476,|79|106|1|
1292,3477,|161|2|44|
1293,3478,|238|5|14|
1294,3498,|48|13|2|
1295,3503,|89|259|201|
1296,3509,|62|105|8|
1297,3511,|9|1|145|
1298,3530,|11|23|200|
1299,3532,|2|4|78|
1300,3536,|1|0|47|
1301,3538,|93|256|190|
1302,3539,|0|2|13|
1303,3541,|43|137|23|
1304,3543,|287|257|46|
1305,3546,|2|52|116|
1306,3554,|79|105|38|
1307,3557,|1|136|137|
1308,3560,|2|128|254|
1309,3561,|171|223|89|
1310,3564,|4|68|119|
1311,3567,|31|146|67|
1312,3568,|44|143|76|
1313,3580,|1|154|228|
1314,3583,|7|39|56|
1315,3594,|5|2|13|
1316,3596,|2|31|195|
1317,3601,|2|4|89|
1318,3608,|1|257|250|
1319,3609,|202|0|1|
1320,3612,|36|38|21|
1321,3618,|38|48|130|
1322,3626,|5|17|171|
1323,3629,|2|18|50|
1324,3633,|1|29|61|
1325,3634,|194|19|79|
1326,3638,|48|8|64|
1327,3641,|123|0|1|
1328,3651,|78|12|128|
1329,3652,|1|88|61|
1330,3653,|93|257|218|
1331,3654,|79|2|8|
1332,3660,|188|62|71|
1333,3662,|0|2|129|
1334,3663,|2|33|295|
1335,3665,|47|106|5|
1336,3667,|5|30|33|
1337,3688,|100|0|47|
1338,3689,|79|180|106|
1339,3690,|5|266|17|
1340,3691,|76|5|135|
1341,3694,|106|0|266|
1342,3695,|1|191|12|
1343,3696,|116|1|128|
1344,3699,|1|2|79|
1345,3708,|4|14|2|
1346,3711,|106|4|133|
1347,3713,|8|21|36|
1348,3714,|2|116|50|
1349,3715,|29|257|49|
1350,3716,|29|108|158|
1351,3717,|1|48|67|
1352,3718,|116|2|96|
1353,3720,|98|1|177|
1354,3721,|260|6|104|
1355,3723,|254|1|2|
1356,3733,|5|13|256|
1357,3739,|2|19|20|
1358,3746,|0|23|29|
1359,3751,|256|3|105|
1360,3757,|8|79|264|
1361,3759,|20|281|63|
1362,3764,|2|80|174|
1363,3769,|51|193|290|
1364,3773,|67|2|71|
1365,3775,|257|205|59|
1366,3784,|151|0|166|
1367,3790,|79|5|48|
1368,3797,|1|189|223|
1369,3800,|29|0|187|
1370,3801,|67|62|254|
1371,3811,|293|6|0|
1372,3814,|194|128|288|
1373,3822,|226|17|129|
1374,3829,|23|190|62|
1375,3832,|24|138|86|
1376,3835,|1|237|55|
1377,3838,|285|41|122|
1378,3844,|1|146|55|
1379,3845,|63|11|1|
1380,3846,|1|112|111|
1381,3848,|16|55|5|
1382,3851,|0|14|106|
1383,3855,|2|226|181|
1384,3858,|16|56|5|
1385,3859,|1|161|44|
1386,3860,|1|185|123|
1387,3861,|23|123|107|
1388,3862,|43|5|201|
1389,3865,|48|36|259|
1390,3868,|4|7|2|
1391,3875,|39|1|100|
1392,3882,|5|0|65|
1393,3887,|42|1|49|
1394,3892,|36|62|129|
1395,3893,|1|2|58|
1396,3897,|202|60|167|
1397,3898,|117|12|191|
1398,3899,|69|31|129|
1399,3911,|8|44|7|
1400,3915,|31|0|114|
1401,3918,|8|79|51|
1402,3925,|50|2|1|
1403,3926,|164|131|67|
1404,3935,|194|259|6|
1405,3936,|1|13|176|
1406,3938,|39|151|0|
1407,3944,|9|31|42|
1408,3947,|111|78|63|
1409,3952,|56|64|124|
1410,3955,|289|13|7|
1411,3962,|126|84|209|
1412,3963,|116|136|266|
1413,3965,|36|106|48|
1414,3968,|5|195|251|
1415,3973,|266|1|164|
1416,3974,|194|26|1|
1417,3975,|1|52|7|
1418,3977,|2|171|116|
1419,3978,|113|2|208|
1420,3983,|2|158|179|
1421,3984,|237|162|1|
1422,3987,|160|45|57|
1423,3999,|1|9|274|
1424,4000,|1|11|126|
1425,4005,|116|16|149|
1426,4012,|180|153|1|
1427,4016,|241|266|1|
1428,4019,|47|129|181|
1429,4020,|16|24|98|
1430,4022,|1|105|15|
1431,4023,|9|12|50|
1432,4026,|209|31|1|
1433,4030,|1|16|4|
1434,4038,|195|153|1|
1435,4041,|108|11|34|
1436,4043,|109|5|219|
1437,4044,|66|271|28|
1438,4049,|2|0|1|
1439,4050,|151|140|174|
1440,4052,|162|1|48|
1441,4053,|79|2|3|
1442,4065,|11|2|1|
1443,4068,|222|76|259|
1444,4070,|112|25|2|
1445,4073,|56|5|7|
1446,4074,|2|4|107|
1447,4077,|38|194|13|
1448,4078,|8|38|152|
1449,4082,|1|220|24|
1450,4083,|79|36|194|
1451,4087,|5|3|0|
1452,4091,|9|258|232|
1453,4095,|70|71|251|
1454,4098,|185|210|139|
1455,4100,|2|238|140|
1456,4101,|1|0|80|
1457,4104,|11|72|0|
1458,4106,|55|72|13|
1459,4108,|76|1|65|
1460,4113,|113|1|5|
1461,4114,|116|13|84|
1462,4116,|36|2|97|
1463,4119,|1|2|120|
1464,4135,|11|297|189|
1465,4137,|4|264|128|
1466,4138,|23|195|1|
1467,4141,|1|185|240|
1468,4152,|1|0|239|
1469,4153,|14|203|256|
1470,4154,|1|42|29|
1471,4158,|14|29|1|
1472,4163,|43|84|174|
1473,4166,|232|219|1|
1474,4169,|5|46|21|
1475,4171,|8|2|109|
1476,4175,|5|87|4|
1477,4184,|1|57|9|
1478,4186,|60|106|99|
1479,4187,|0|7|112|
1480,4188,|4|5|102|
1481,4192,|144|47|4|
1482,4194,|106|44|96|
1483,4199,|2|153|282|
1484,4201,|1|98|256|
1485,4202,|273|2|217|
1486,4204,|29|0|185|
1487,4205,|124|7|23|
1488,4207,|35|241|5|
1489,4208,|50|283|52|
1490,4211,|4|49|105|
1491,4214,|48|180|117|
1492,4215,|39|138|108|
1493,4220,|79|106|13|
1494,4221,|14|1|100|
1495,4222,|66|206|108|
1496,4230,|124|134|157|
1497,4233,|6|13|14|
1498,4236,|1|60|116|
1499,4237,|116|69|45|
1500,4239,|129|2|111|
1501,4240,|48|8|19|
1502,4245,|2|9|17|
1503,4247,|15|50|4|
1504,4248,|14|19|29|
1505,4249,|2|66|19|
1506,4256,|219|30|260|
1507,4261,|20|86|0|
1508,4263,|2|194|5|
1509,4266,|140|71|185|
1510,4269,|36|2|184|
1511,4274,|1|168|53|
1512,4282,|122|2|175|
1513,4286,|2|107|1|
1514,4287,|36|38|1|
1515,4288,|1|115|78|
1516,4296,|1|16|48|
1517,4302,|38|79|194|
1518,4305,|67|286|130|
1519,4307,|1|147|23|
1520,4312,|256|257|121|
1521,4316,|25|7|128|
1522,4322,|4|221|77|
1523,4323,|62|4|17|
1524,4324,|133|112|237|
1525,4329,|1|59|166|
1526,4334,|5|33|35|
1527,4336,|4|257|104|
1528,4339,|158|1|167|
1529,4341,|212|209|183|
1530,4349,|116|67|269|
1531,4350,|2|5|95|
1532,4359,|38|62|61|
1533,4364,|2|17|5|
1534,4365,|113|1|199|
1535,4367,|45|76|271|
1536,4368,|38|194|21|
1537,4371,|1|35|7|
1538,4375,|2|192|115|
1539,4376,|1|2|123|
1540,4387,|2|77|287|
1541,4390,|70|2|4|
1542,4391,|1|151|113|
1543,4392,|2|256|62|
1544,4393,|0|19|76|
1545,4394,|0|1|107|
1546,4403,|48|79|1|
1547,4404,|14|128|167|
1548,4405,|138|116|4|
1549,4407,|11|20|1|
1550,4408,|47|0|14|
1551,4416,|14|94|88|
1552,4418,|194|106|36|
1553,4419,|2|111|3|
1554,4425,|1|7|150|
1555,4434,|126|25|61|
1556,4436,|4|189|97|
1557,4446,|2|137|13|
1558,4451,|12|20|21|
1559,4453,|0|128|120|
1560,4468,|56|167|2|
1561,4471,|1|5|12|
1562,4473,|112|14|15|
1563,4489,|15|2|176|
1564,4493,|13|259|189|
1565,4499,|71|62|1|
1566,4500,|3|259|124|
1567,4503,|44|5|195|
1568,4506,|14|1|216|
1569,4527,|256|2|102|
1570,4539,|128|206|115|
1571,4540,|143|96|47|
1572,4542,|136|11|48|
1573,4543,|1|0|243|
1574,4546,|1|83|63|
1575,4559,|2|226|1|
1576,4562,|5|56|113|
1577,4563,|31|100|36|
1578,4564,|2|113|215|
1579,4566,|62|59|70|
1580,4567,|47|298|3|
1581,4569,|0|225|41|
1582,4573,|5|4|47|
1583,4575,|59|19|2|
1584,4577,|14|256|157|
1585,4580,|46|1|62|
1586,4581,|21|5|76|
1587,4586,|1|29|64|
1588,4589,|8|2|36|
1589,4590,|17|24|201|
1590,4595,|1|14|159|
1591,4597,|242|4|7|
1592,4603,|61|296|21|
1593,4605,|59|131|50|
1594,4610,|0|2|112|
1595,4614,|1|179|238|
1596,4620,|116|2|62|
1597,4624,|14|77|128|
1598,4628,|76|212|256|
1599,4631,|2|5|25|
1600,4632,|70|1|119|
1601,4635,|70|26|67|
1602,4636,|3|13|33|
1603,4637,|1|67|138|
1604,4639,|259|265|100|
1605,4640,|23|174|14|
1606,4642,|161|2|1|
1607,4648,|20|0|240|
1608,4654,|1|57|5|
1609,4656,|1|82|12|
1610,4659,|48|36|264|
1611,4660,|33|1|12|
1612,4664,|12|5|0|
1613,4666,|85|1|239|
1614,4673,|137|233|141|
1615,4684,|64|62|105|
1616,4685,|123|213|80|
1617,4686,|1|0|64|
1618,4687,|136|5|1|
1619,4695,|14|106|189|
1620,4700,|271|106|31|
1621,4702,|1|45|243|
1622,4704,|12|145|24|
1623,4705,|84|65|11|
1624,4712,|19|56|6|
1625,4713,|109|289|7|
1626,4716,|113|39|2|
1627,4728,|1|45|142|
1628,4731,|7|76|50|
1629,4732,|188|21|200|
1630,4733,|2|59|113|
1631,4735,|106|19|47|
1632,4736,|106|36|240|
1633,4737,|8|44|1|
1634,4744,|25|219|128|
1635,4747,|5|6|239|
1636,4752,|2|201|128|
1637,4757,|8|79|36|
1638,4767,|79|36|2|
1639,4768,|13|7|191|
1640,4771,|0|91|2|
1641,4776,|1|14|2|
1642,4780,|274|18|21|
1643,4781,|106|97|146|
1644,4782,|1|0|183|
1645,4783,|61|9|63|
1646,4792,|0|2|251|
1647,4793,|1|73|72|
1648,4797,|108|25|31|
1649,4808,|2|212|60|
1650,4809,|5|61|2|
1651,4810,|59|51|18|
1652,4815,|47|61|2|
1653,4816,|2|5|19|
1654,4823,|5|256|70|
1655,4827,|134|6|126|
1656,4833,|19|20|187|
1657,4834,|43|25|48|
1658,4839,|13|128|179|
1659,4842,|106|262|61|
1660,4844,|254|59|12|
1661,4845,|79|21|2|
1662,4846,|94|38|258|
1663,4850,|62|63|12|
1664,4851,|4|8|63|
1665,4852,|40|162|1|
1666,4856,|31|63|203|
1667,4858,|254|235|138|
1668,4860,|20|79|201|
1669,4861,|197|5|7|
1670,4862,|240|35|2|
1671,4864,|0|51|244|
1672,4866,|136|13|112|
1673,4867,|1|246|114|
1674,4872,|112|62|256|
1675,4874,|17|275|184|
1676,4875,|1|2|104|
1677,4898,|5|21|1|
1678,4906,|45|101|76|
1679,4907,|66|5|0|
1680,4910,|254|271|31|
1681,4913,|1|17|100|
1682,4915,|1|3|95|
1683,4917,|2|59|120|
1684,4918,|5|61|0|
1685,4926,|13|1|183|
1686,4933,|33|9|289|
1687,4946,|188|1|191|
1688,4947,|70|1|5|
1689,4950,|188|62|166|
1690,4952,|298|21|128|
1691,4954,|45|134|251|
1692,4958,|256|2|232|
1693,4964,|1|34|61|
1694,4965,|70|128|8|
1695,4966,|243|16|259|
1696,4970,|178|289|133|
1697,4973,|17|9|68|
1698,4983,|1|2|71|
1699,4987,|1|114|0|
1700,4990,|205|4|299|
1701,4991,|2|13|5|
1702,4999,|270|76|0|
1703,5003,|174|80|2|
1704,5006,|1|14|62|
1705,5007,|0|33|298|
1706,5013,|237|24|77|
1707,5015,|298|107|267|
1708,5022,|0|3|119|
1709,5029,|1|28|5|
1710,5031,|9|267|5|
1711,5039,|109|5|256|
1712,5040,|1|5|12|
1713,5042,|224|1|130|
1714,5045,|2|172|161|
1715,5047,|2|185|254|
1716,5050,|103|24|162|
1717,5051,|25|1|57|
1718,5052,|1|175|92|
1719,5055,|187|185|0|
1720,5061,|1|259|119|
1721,5062,|17|108|107|
1722,5065,|2|158|9|
1723,5066,|116|138|25|
1724,5067,|264|21|44|
1725,5070,|256|69|46|
1726,5075,|23|1|43|
1727,5077,|235|78|55|
1728,5079,|1|5|133|
1729,5087,|1|256|85|
1730,5088,|228|256|1|
1731,5090,|55|60|2|
1732,5092,|2|14|5|
1733,5102,|5|11|228|
1734,5104,|1|5|12|
1735,5105,|2|217|268|
1736,5111,|9|148|1|
1737,5113,|116|188|62|
1738,5114,|1|19|29|
1739,5117,|4|132|170|
1740,5128,|1|14|70|
1741,5131,|1|42|4|
1742,5133,|226|35|227|
1743,5134,|138|149|22|
1744,5135,|228|45|2|
1745,5140,|1|32|101|
1746,5144,|37|287|0|
1747,5152,|254|56|67|
1748,5154,|116|5|106|
1749,5156,|2|86|297|
1750,5163,|1|151|60|
1751,5165,|33|5|2|
1752,5170,|13|224|29|
1753,5173,|25|39|188|
1754,5178,|48|38|106|
1755,5179,|8|25|1|
1756,5185,|1|8|240|
1757,5192,|2|14|170|
1758,5193,|8|128|44|
1759,5199,|19|1|14|
1760,5205,|106|0|169|
1761,5206,|185|11|167|
1762,5211,|4|60|2|
1763,5224,|151|86|4|
1764,5225,|42|35|128|
1765,5234,|38|229|194|
1766,5239,|116|134|2|
1767,5241,|280|199|12|
1768,5242,|15|135|55|
1769,5250,|0|1|113|
1770,5252,|59|79|38|
1771,5253,|2|114|6|
1772,5262,|17|70|1|
1773,5264,|1|7|209|
1774,5267,|70|62|1|
1775,5269,|261|115|224|
1776,5270,|135|55|253|
1777,5272,|124|55|178|
1778,5274,|2|40|135|
1779,5286,|126|221|298|
1780,5288,|21|0|2|
1781,5299,|156|88|150|
1782,5301,|21|0|171|
1783,5303,|2|81|55|
1784,5304,|61|13|189|
1785,5307,|256|56|251|
1786,5309,|6|24|60|
1787,5320,|137|17|33|
1788,5324,|188|138|16|
1789,5325,|1|70|116|
1790,5327,|1|261|59|
1791,5330,|2|134|226|
1792,5333,|14|134|182|
1793,5334,|256|128|251|
1794,5335,|38|5|106|
1795,5336,|76|2|184|
1796,5339,|2|1|44|
1797,5342,|17|114|56|
1798,5350,|4|3|189|
1799,5352,|11|224|206|
1800,5356,|2|51|8|
1801,5362,|0|176|51|
1802,5370,|55|2|195|
1803,5372,|20|140|109|
1804,5377,|46|2|12|
1805,5378,|2|38|79|
1806,5382,|1|13|275|
1807,5383,|108|16|81|
1808,5387,|14|29|56|
1809,5389,|78|2|44|
1810,5390,|188|117|64|
1811,5394,|2|112|298|
1812,5396,|187|11|5|
1813,5398,|2|1|221|
1814,5402,|1|244|113|
1815,5404,|5|11|2|
1816,5411,|237|9|77|
1817,5417,|17|33|3|
1818,5423,|174|263|119|
1819,5436,|44|287|172|
1820,5437,|2|116|76|
1821,5438,|1|69|5|
1822,5440,|1|78|4|
1823,5444,|106|1|131|
1824,5454,|4|188|199|
1825,5459,|12|145|29|
1826,5463,|0|258|117|
1827,5465,|2|0|25|
1828,5471,|20|206|0|
1829,5472,|254|64|116|
1830,5479,|5|33|72|
1831,5480,|128|85|49|
1832,5484,|262|129|187|
1833,5507,|8|79|190|
1834,5509,|2|1|76|
1835,5512,|48|38|2|
1836,5513,|1|2|232|
1837,5514,|77|128|56|
1838,5515,|78|150|0|
1839,5516,|31|128|89|
1840,5521,|9|86|66|
1841,5522,|264|97|194|
1842,5523,|80|33|256|
1843,5525,|12|13|14|
1844,5527,|60|256|63|
1845,5528,|24|40|13|
1846,5531,|12|25|0|
1847,5534,|2|5|76|
1848,5536,|16|72|0|
1849,5539,|79|48|80|
1850,5543,|1|49|168|
1851,5547,|4|5|7|
1852,5550,|42|24|1|
1853,5558,|38|8|9|
1854,5559,|9|14|128|
1855,5562,|1|50|249|
1856,5570,|3|5|242|
1857,5576,|2|63|0|
1858,5577,|1|63|249|
1859,5579,|9|265|1|
1860,5580,|39|136|118|
1861,5589,|12|1|0|
1862,5593,|129|50|250|
1863,5596,|57|109|77|
1864,5597,|1|0|200|
1865,5600,|5|1|180|
1866,5601,|6|187|92|
1867,5606,|61|21|1|
1868,5607,|4|1|145|
1869,5609,|8|38|1|
1870,5616,|1|13|299|
1871,5617,|4|9|1|
1872,5618,|2|134|39|
1873,5625,|89|14|17|
1874,5626,|29|2|233|
1875,5637,|265|142|259|
1876,5638,|46|264|153|
1877,5640,|156|43|184|
1878,5643,|106|129|2|
1879,5645,|13|4|73|
1880,5649,|2|80|117|
1881,5664,|21|0|33|
1882,5669,|97|2|156|
1883,5673,|36|0|42|
1884,5678,|4|215|181|
1885,5679,|100|76|0|
1886,5681,|24|214|85|
1887,5695,|5|9|12|
1888,5698,|11|130|60|
1889,5717,|38|8|48|
1890,5723,|7|108|156|
1891,5726,|39|174|20|
1892,5727,|2|7|60|
1893,5729,|1|167|63|
1894,5739,|48|44|194|
1895,5745,|60|2|238|
1896,5746,|50|142|290|
1897,5752,|2|61|59|
1898,5754,|2|8|124|
1899,5759,|219|271|1|
1900,5760,|2|44|7|
1901,5761,|191|188|178|
1902,5768,|18|5|117|
1903,5774,|186|7|267|
1904,5775,|187|295|251|
1905,5776,|5|13|50|
1906,5780,|0|56|241|
1907,5782,|5|18|33|
1908,5786,|62|116|86|
1909,5789,|287|63|0|
1910,5795,|97|0|270|
1911,5797,|172|238|222|
1912,5799,|1|109|29|
1913,5800,|14|3|169|
1914,5813,|2|23|56|
1915,5816,|52|1|3|
1916,5819,|293|15|1|
1917,5822,|1|96|77|
1918,5823,|103|76|0|
1919,5827,|96|256|130|
1920,5828,|1|37|257|
1921,5829,|44|7|8|
1922,5831,|5|0|100|
1923,5841,|129|178|103|
1924,5848,|1|33|117|
1925,5852,|38|147|72|
1926,5853,|38|2|44|
1927,5855,|2|48|31|
1928,5857,|2|1|159|
1929,5865,|13|189|256|
1930,5868,|1|234|263|
1931,5880,|264|11|14|
1932,5883,|14|251|259|
1933,5884,|5|265|224|
1934,5886,|70|67|61|
1935,5892,|1|2|5|
1936,5904,|59|100|8|
1937,5910,|81|60|45|
1938,5912,|213|59|256|
1939,5916,|62|70|57|
1940,5920,|0|1|119|
1941,5921,|189|21|2|
1942,5924,|29|2|12|
1943,5925,|2|38|0|
1944,5926,|2|170|126|
1945,5927,|40|38|0|
1946,5929,|21|224|272|
1947,5931,|239|150|130|
1948,5935,|114|7|224|
1949,5937,|7|297|1|
1950,5944,|106|130|63|
1951,5946,|20|29|1|
1952,5956,|194|6|7|
1953,5963,|23|106|2|
1954,5981,|14|2|1|
1955,5982,|196|20|1|
1956,5983,|86|24|40|
1957,5986,|90|237|183|
1958,5988,|8|194|36|
1959,5995,|9|175|24|
1960,5997,|1|7|36|
1961,5999,|7|10|1|
1962,6001,|224|210|23|
1963,6002,|2|214|257|
1964,6003,|5|15|17|
1965,6004,|81|297|43|
1966,6010,|92|1|200|
1967,6012,|8|256|47|
1968,6018,|2|1|109|
1969,6021,|256|73|29|
1970,6024,|1|240|59|
1971,6031,|51|128|111|
1972,6033,|15|65|194|
1973,6039,|61|59|1|
1974,6042,|145|191|1|
1975,6043,|141|0|206|
1976,6049,|116|299|1|
1977,6050,|29|2|18|
1978,6052,|6|2|52|
1979,6054,|249|35|257|
1980,6056,|1|40|250|
1981,6064,|106|73|263|
1982,6066,|179|5|185|
1983,6072,|59|76|33|
1984,6073,|1|4|119|
1985,6074,|72|258|131|
1986,6078,|1|13|293|
1987,6080,|129|51|54|
1988,6082,|4|202|29|
1989,6086,|128|85|40|
1990,6089,|4|50|254|
1991,6091,|1|82|135|
1992,6094,|3|1|57|
1993,6097,|2|0|215|
1994,6098,|7|104|256|
1995,6101,|53|60|168|
1996,6104,|1|183|112|
1997,6106,|0|103|195|
1998,6114,|54|2|53|
1999,6118,|33|3|195|
2000,6124,|2|113|14|
2001,6131,|62|5|9|
2002,6132,|131|227|191|
2003,6135,|2|73|1|
2004,6137,|256|21|1|
2005,6138,|5|17|64|
2006,6141,|1|59|259|
2007,6143,|97|56|84|
2008,6148,|2|223|20|
2009,6162,|5|81|33|
2010,6167,|168|8|45|
2011,6172,|1|77|45|
2012,6176,|5|1|53|
2013,6179,|1|274|217|
2014,6181,|1|0|100|
2015,6194,|33|5|1|
2016,6217,|79|1|57|
2017,6232,|79|106|19|
2018,6237,|0|70|12|
2019,6241,|129|55|242|
2020,6242,|179|9|187|
2021,6244,|2|59|33|
2022,6248,|5|45|48|
2023,6251,|299|256|189|
2024,6257,|96|0|1|
2025,6260,|12|55|2|
2026,6267,|2|62|135|
2027,6268,|8|19|167|
2028,6274,|218|1|2|
2029,6276,|299|44|103|
2030,6280,|38|39|109|
2031,6294,|1|100|0|
2032,6295,|67|162|4|
2033,6306,|127|167|126|
2034,6317,|1|191|106|
2035,6341,|2|16|17|
2036,6342,|240|293|237|
2037,6343,|1|52|130|
2038,6344,|1|19|64|
2039,6348,|211|161|1|
2040,6362,|3|137|225|
2041,6364,|115|2|92|
2042,6367,|223|259|256|
2043,6378,|77|131|3|
2044,6385,|5|0|56|
2045,6388,|1|9|2|
2046,6391,|1|159|44|
2047,6406,|233|39|102|
2048,6412,|95|274|168|
2049,6416,|0|224|124|
2050,6420,|60|6|93|
2051,6429,|250|5|256|
2052,6432,|0|290|227|
2053,6438,|31|116|59|
2054,6443,|50|8|292|
2055,6446,|0|5|17|
2056,6448,|12|145|2|
2057,6449,|5|174|52|
2058,6463,|13|100|0|
2059,6464,|15|1|256|
2060,6472,|79|44|38|
2061,6473,|1|9|61|
2062,6487,|192|1|63|
2063,6489,|47|21|1|
2064,6491,|1|13|146|
2065,6496,|232|68|5|
2066,6499,|13|55|256|
2067,6519,|5|69|9|
2068,6528,|179|2|63|
2069,6529,|21|33|0|
2070,6531,|113|33|40|
2071,6542,|39|0|61|
2072,6550,|5|7|234|
2073,6551,|79|210|192|
2074,6556,|256|20|68|
2075,6569,|112|4|111|
2076,6573,|5|76|33|
2077,6574,|30|33|59|
2078,6577,|1|13|152|
2079,6580,|11|4|62|
2080,6581,|100|31|76|
2081,6587,|5|11|16|
2082,6597,|1|17|254|
2083,6601,|5|17|53|
2084,6602,|82|1|105|
2085,6606,|79|106|21|
2086,6609,|2|89|61|
2087,6620,|203|44|1|
2088,6625,|5|1|149|
2089,6628,|0|52|117|
2090,6630,|1|161|292|
2091,6631,|14|0|46|
2092,6636,|14|107|11|
2093,6640,|1|70|41|
2094,6642,|208|50|48|
2095,6647,|216|2|1|
2096,6651,|1|52|14|
2097,6652,|1|36|38|
2098,6657,|141|15|106|
2099,6658,|142|94|159|
2100,6661,|2|100|79|
2101,6671,|44|8|75|
2102,6677,|2|200|56|
2103,6682,|1|2|119|
2104,6683,|1|148|185|
2105,6686,|1|106|14|
2106,6694,|79|59|128|
2107,6696,|77|8|257|
2108,6699,|17|104|3|
2109,6700,|1|70|188|
2110,6702,|11|91|128|
2111,6705,|1|14|2|
2112,6707,|1|16|2|
2113,6709,|40|4|1|
2114,6710,|12|88|86|
2115,6716,|1|201|14|
2116,6719,|1|20|2|
2117,6720,|14|23|1|
2118,6727,|116|194|175|
2119,6728,|0|70|2|
2120,6730,|25|84|257|
2121,6735,|4|193|110|
2122,6740,|35|201|170|
2123,6747,|5|86|120|
2124,6752,|0|242|101|
2125,6757,|33|0|180|
2126,6760,|1|9|11|
2127,6761,|1|9|76|
2128,6765,|17|0|170|
2129,6767,|112|239|295|
2130,6772,|14|21|1|
2131,6774,|160|33|136|
2132,6775,|1|15|51|
2133,6778,|13|48|106|
2134,6779,|135|41|1|
2135,6782,|2|5|146|
2136,6787,|44|48|4|
2137,6788,|285|3|44|
2138,6791,|256|64|250|
2139,6792,|0|15|20|
2140,6793,|5|56|14|
2141,6794,|1|82|62|
2142,6799,|141|12|195|
2143,6812,|266|268|145|
2144,6813,|59|19|223|
2145,6814,|42|0|111|
2146,6815,|151|131|1|
2147,6840,|14|7|13|
2148,6845,|8|14|47|
2149,6846,|129|213|51|
2150,6850,|21|52|5|
2151,6863,|265|25|2|
2152,6869,|36|79|194|
2153,6871,|1|0|192|
2154,6874,|8|36|79|
2155,6877,|5|14|226|
2156,6878,|16|1|14|
2157,6884,|59|131|4|
2158,6886,|218|63|4|
2159,6888,|29|4|31|
2160,6902,|126|1|117|
2161,6903,|0|11|10|
2162,6905,|29|60|147|
2163,6909,|13|200|157|
2164,6916,|0|130|223|
2165,6919,|1|12|108|
2166,6922,|14|47|78|
2167,6924,|1|146|38|
2168,6941,|137|105|179|
2169,6942,|48|162|1|
2170,6954,|270|3|36|
2171,6961,|1|99|60|
2172,6963,|2|14|25|
2173,6974,|94|69|259|
2174,6993,|2|15|175|
2175,6996,|2|224|19|
2176,6997,|5|256|44|
2177,7000,|13|14|59|
2178,7001,|194|48|106|
2179,7002,|1|109|178|
2180,7007,|51|58|117|
2181,7012,|36|194|256|
2182,7018,|181|11|44|
2183,7021,|1|19|38|
2184,7023,|1|136|35|
2185,7029,|0|31|59|
2186,7040,|79|166|1|
2187,7054,|1|212|182|
2188,7055,|106|81|4|
2189,7059,|14|39|41|
2190,7064,|5|7|33|
2191,7082,|1|138|188|
2192,7088,|0|2|112|
2193,7095,|1|151|189|
2194,7104,|13|292|1|
2195,7105,|201|131|239|
2196,7112,|254|146|32|
2197,7124,|57|129|40|
2198,7128,|1|38|88|
2199,7129,|9|153|129|
2200,7140,|161|1|57|
2201,7159,|11|14|0|
2202,7160,|65|2|1|
2203,7176,|2|194|0|
2204,7177,|200|2|12|
2205,7186,|35|137|3|
2206,7191,|48|136|208|
2207,7195,|122|5|8|
2208,7200,|267|0|162|
2209,7205,|5|100|2|
2210,7209,|38|101|221|
2211,7210,|17|0|291|
2212,7215,|1|0|215|
2213,7223,|0|240|126|
2214,7226,|47|30|1|
2215,7229,|50|178|2|
2216,7236,|194|79|61|
2217,7243,|0|75|126|
2218,7244,|100|3|195|
2219,7248,|50|2|11|
2220,7263,|5|60|45|
2221,7267,|0|14|31|
2222,7270,|0|50|104|
2223,7277,|14|19|0|
2224,7283,|59|3|1|
2225,7286,|0|17|2|
2226,7303,|147|0|52|
2227,7307,|107|128|192|
2228,7308,|16|95|72|
2229,7319,|59|129|26|
2230,7322,|218|198|1|
2231,7328,|1|135|18|
2232,7332,|266|0|25|
2233,7341,|1|5|9|
2234,7343,|82|256|59|
2235,7344,|5|3|1|
2236,7346,|19|1|259|
2237,7352,|1|6|45|
2238,7354,|86|61|1|
2239,7357,|299|0|12|
2240,7359,|196|157|130|
2241,7365,|48|167|25|
2242,7368,|167|200|31|
2243,7375,|160|14|0|
2244,7376,|1|249|46|
2245,7377,|59|63|216|
2246,7379,|25|157|0|
2247,7385,|1|106|8|
2248,7392,|78|4|181|
2249,7393,|33|298|107|
2250,7396,|5|1|96|
2251,7403,|17|96|23|
2252,7405,|21|5|297|
2253,7411,|1|141|101|
2254,7433,|79|0|35|
2255,7437,|61|13|94|
2256,7447,|11|268|128|
2257,7455,|184|256|63|
2258,7476,|100|21|259|
2259,7481,|166|66|174|
2260,7493,|38|36|256|
2261,7501,|2|1|5|
2262,7505,|145|80|53|
2263,7509,|109|13|128|
2264,7511,|98|7|13|
2265,7512,|2|11|47|
2266,7514,|1|105|65|
2267,7516,|196|2|259|
2268,7523,|290|11|85|
2269,7557,|2|13|15|
2270,7561,|114|11|14|
2271,7564,|1|39|62|
2272,7568,|163|0|48|
2273,7569,|2|3|114|
2274,7570,|218|24|29|
2275,7574,|14|202|3|
2276,7575,|1|104|72|
2277,7577,|1|12|2|
2278,7583,|109|259|63|
2279,7584,|2|76|45|
2280,7585,|79|43|8|
2281,7598,|2|7|256|
2282,7608,|115|100|61|
2283,7619,|1|15|2|
2284,7621,|25|285|54|
2285,7624,|175|5|202|
2286,7625,|26|106|5|
2287,7628,|5|67|0|
2288,7630,|48|20|0|
2289,7654,|1|19|162|
2290,7667,|156|9|24|
2291,7670,|0|1|234|
2292,7675,|259|92|45|
2293,7699,|8|0|60|
2294,7711,|126|19|100|
2295,7717,|14|1|0|
2296,7729,|0|38|94|
2297,7735,|2|11|218|
2298,7737,|136|20|1|
2299,7739,|0|17|19|
2300,7741,|1|11|55|
2301,7755,|5|93|13|
2302,7761,|38|128|64|
2303,7762,|6|38|5|
2304,7771,|1|0|13|
2305,7773,|240|206|2|
2306,7775,|2|133|26|
2307,7777,|2|263|120|
2308,7786,|79|26|130|
2309,7787,|64|24|128|
2310,7789,|38|14|79|
2311,7793,|1|42|76|
2312,7796,|1|18|2|
2313,7798,|5|161|190|
2314,7802,|249|261|130|
2315,7809,|23|233|29|
2316,7819,|17|259|30|
2317,7821,|1|202|177|
2318,7824,|174|9|206|
2319,7826,|9|109|0|
2320,7832,|116|5|262|
2321,7843,|1|106|12|
2322,7844,|255|12|18|
2323,7845,|273|256|64|
2324,7847,|46|24|126|
2325,7848,|46|4|195|
2326,7850,|194|1|36|
2327,7864,|15|136|131|
2328,7865,|21|1|78|
2329,7869,|2|0|95|
2330,7871,|50|238|131|
2331,7878,|30|131|61|
2332,7882,|2|114|5|
2333,7887,|131|5|126|
2334,7890,|219|46|1|
2335,7897,|14|67|62|
2336,7903,|4|19|0|
2337,7913,|0|4|188|
2338,7914,|203|1|176|
2339,7916,|1|61|290|
2340,7922,|126|49|254|
2341,7927,|237|6|30|
2342,7931,|0|129|107|
2343,7945,|2|1|98|
2344,7950,|71|179|0|
2345,7960,|244|128|172|
2346,7968,|1|48|120|
2347,7969,|13|43|128|
2348,7975,|59|1|0|
2349,7978,|271|263|69|
2350,7981,|1|106|167|
2351,7984,|1|5|14|
2352,7985,|270|129|179|
2353,7990,|25|4|169|
2354,7992,|33|5|51|
2355,7993,|67|1|116|
2356,8006,|0|1|49|
2357,8009,|1|42|60|
2358,8010,|251|12|1|
2359,8011,|48|1|61|
2360,8021,|126|106|38|
2361,8023,|67|188|70|
2362,8037,|1|61|249|
2363,8068,|67|131|102|
2364,8080,|79|1|19|
2365,8083,|1|170|55|
2366,8084,|1|62|5|
2367,8085,|1|142|33|
2368,8087,|131|14|0|
2369,8096,|7|17|5|
2370,8102,|4|270|112|
2371,8103,|5|17|1|
2372,8107,|5|2|21|
2373,8111,|52|76|129|
2374,8112,|16|164|11|
2375,8113,|1|22|48|
2376,8114,|81|84|202|
2377,8116,|13|63|128|
2378,8119,|47|103|15|
2379,8123,|1|85|185|
2380,8135,|5|258|55|
2381,8141,|14|59|20|
2382,8142,|259|5|172|
2383,8153,|48|35|49|
2384,8157,|72|18|17|
2385,8171,|35|44|55|
2386,8181,|36|40|184|
2387,8184,|5|1|91|
2388,8185,|42|62|43|
2389,8189,|60|100|9|
2390,8193,|5|134|115|
2391,8196,|59|18|33|
2392,8201,|7|1|192|
2393,8205,|8|142|16|
2394,8206,|1|71|42|
2395,8209,|1|162|264|
2396,8211,|8|38|15|
2397,8214,|55|23|62|
2398,8216,|1|33|59|
2399,8218,|0|13|168|
2400,8219,|35|194|0|
2401,8222,|1|7|192|
2402,8229,|102|285|43|
2403,8238,|46|0|66|
2404,8242,|25|29|289|
2405,8243,|39|256|62|
2406,8252,|1|109|128|
2407,8257,|24|31|258|
2408,8261,|21|1|195|
2409,8263,|56|55|257|
2410,8280,|2|0|119|
2411,8282,|50|0|81|
2412,8283,|194|36|79|
2413,8289,|5|7|256|
2414,8297,|33|11|13|
2415,8308,|8|10|100|
2416,8310,|5|270|128|
2417,8325,|226|18|65|
2418,8330,|5|7|1|
2419,8336,|86|1|215|
2420,8340,|109|1|0|
2421,8354,|5|7|55|
2422,8375,|5|203|65|
2423,8377,|21|195|16|
2424,8380,|2|30|179|
2425,8385,|2|5|6|
2426,8391,|4|1|157|
2427,8392,|51|2|128|
2428,8394,|123|219|80|
2429,8396,|38|8|101|
2430,8397,|254|47|186|
2431,8400,|2|135|11|
2432,8402,|0|163|244|
2433,8410,|123|114|142|
2434,8416,|23|192|16|
2435,8417,|1|5|232|
2436,8420,|1|4|146|
2437,8435,|1|2|51|
2438,8440,|13|1|4|
2439,8449,|273|25|256|
2440,8455,|101|0|2|
2441,8458,|47|1|61|
2442,8460,|2|4|226|
2443,8461,|23|0|72|
2444,8463,|17|33|130|
2445,8466,|42|81|2|
2446,8469,|114|142|23|
2447,8474,|1|5|138|
2448,8482,|92|81|1|
2449,8494,|126|4|49|
2450,8499,|49|6|15|
2451,8503,|257|3|125|
2452,8506,|8|2|79|
2453,8508,|21|4|43|
2454,8512,|4|69|124|
2455,8513,|15|54|1|
2456,8535,|14|37|259|
2457,8536,|24|67|62|
2458,8545,|2|60|108|
2459,8554,|1|33|17|
2460,8573,|1|3|57|
2461,8583,|1|73|190|
2462,8585,|2|14|16|
2463,8598,|194|44|175|
2464,8603,|1|2|5|
2465,8604,|1|20|224|
2466,8611,|1|123|109|
2467,8613,|72|1|10|
2468,8615,|60|15|2|
2469,8616,|0|260|233|
2470,8619,|256|131|242|
2471,8620,|14|17|160|
2472,8625,|59|138|237|
2473,8626,|34|205|151|
2474,8627,|1|129|123|
2475,8629,|1|44|111|
2476,8636,|1|77|130|
2477,8640,|98|0|84|
2478,8651,|1|8|264|
2479,8654,|1|64|63|
2480,8665,|14|146|82|
2481,8667,|2|59|256|
2482,8682,|195|19|0|
2483,8693,|21|56|43|
2484,8698,|0|116|232|
2485,8705,|0|50|1|
2486,8709,|1|4|64|
2487,8710,|48|16|288|
2488,8711,|7|272|94|
2489,8712,|115|44|106|
2490,8713,|59|30|33|
2491,8714,|13|19|0|
2492,8722,|2|218|258|
2493,8724,|161|3|256|
2494,8734,|1|160|114|
2495,8735,|5|59|3|
2496,8743,|5|6|0|
2497,8747,|0|48|115|
2498,8752,|265|140|84|
2499,8754,|105|256|132|
2500,8766,|224|219|11|
2501,8767,|21|6|258|
2502,8781,|104|1|176|
2503,8782,|2|124|19|
2504,8800,|100|0|297|
2505,8801,|128|2|225|
2506,8804,|255|79|36|
2507,8808,|20|168|46|
2508,8812,|13|14|21|
2509,8817,|2|8|137|
2510,8823,|11|82|173|
2511,8828,|2|195|280|
2512,8843,|33|18|94|
2513,8846,|4|13|256|
2514,8852,|1|151|56|
2515,8855,|15|179|7|
2516,8860,|22|0|202|
2517,8867,|0|13|15|
2518,8872,|278|59|5|
2519,8889,|5|21|223|
2520,8890,|237|19|21|
2521,8904,|288|5|12|
2522,8911,|13|108|2|
2523,8912,|9|137|44|
2524,8913,|1|47|114|
2525,8915,|59|256|257|
2526,8921,|1|14|30|
2527,8924,|2|47|243|
2528,8927,|4|5|106|
2529,8947,|47|21|129|
2530,8957,|131|5|14|
2531,8965,|0|4|112|
2532,8971,|1|100|166|
2533,8979,|5|158|47|
2534,8982,|33|47|5|
2535,8993,|233|25|135|
2536,8994,|4|24|128|
2537,8997,|194|59|106|
2538,8998,|54|274|183|
2539,9006,|68|128|1|
2540,9007,|1|134|126|
2541,9027,|2|266|129|
2542,9048,|1|243|168|
2543,9050,|2|7|81|
2544,9056,|0|23|19|
2545,9057,|208|30|1|
2546,9058,|237|50|256|
2547,9059,|19|0|174|
2548,9060,|23|7|48|
2549,9061,|2|44|96|
2550,9065,|61|17|62|
2551,9067,|254|162|170|
2552,9084,|48|1|70|
2553,9089,|1|61|118|
2554,9093,|38|1|31|
2555,9095,|2|210|18|
2556,9097,|13|2|14|
2557,9112,|60|0|71|
2558,9123,|1|231|19|
2559,9124,|1|195|120|
2560,9126,|29|20|50|
2561,9129,|1|69|100|
2562,9138,|2|5|108|
2563,9146,|36|194|38|
2564,9149,|91|20|259|
2565,9157,|1|256|179|
2566,9158,|14|15|146|
2567,9159,|1|8|60|
2568,9160,|5|48|23|
2569,9167,|119|9|21|
2570,9168,|4|5|77|
2571,9175,|112|48|2|
2572,9189,|211|18|0|
2573,9206,|67|136|1|
2574,9210,|246|77|200|
2575,9213,|5|175|93|
2576,9216,|5|96|145|
2577,9218,|174|1|197|
2578,9221,|97|44|2|
2579,9225,|128|1|45|
2580,9230,|2|57|195|
2581,9243,|57|17|195|
2582,9249,|1|5|218|
2583,9252,|281|60|257|
2584,9254,|2|5|104|
2585,9263,|1|101|26|
2586,9266,|62|119|218|
2587,9268,|1|7|189|
2588,9271,|73|9|265|
2589,9277,|257|135|105|
2590,9288,|36|40|44|
2591,9292,|2|256|91|
2592,9294,|144|0|181|
2593,9301,|106|128|2|
2594,9304,|0|5|124|
2595,9310,|5|106|195|
2596,9313,|8|38|136|
2597,9321,|2|263|295|
2598,9322,|61|8|290|
2599,9330,|59|55|0|
2600,9331,|232|203|189|
2601,9333,|13|23|1|
2602,9334,|1|146|60|
2603,9337,|44|97|14|
2604,9341,|17|99|70|
2605,9350,|5|60|1|
2606,9352,|13|195|131|
2607,9360,|2|163|106|
2608,9361,|8|23|2|
2609,9374,|2|266|178|
2610,9397,|2|29|55|
2611,9402,|48|38|64|
2612,9403,|188|45|135|
2613,9404,|49|0|133|
2614,9406,|2|51|94|
2615,9407,|141|73|2|
2616,9413,|36|59|94|
2617,9414,|14|105|65|
2618,9420,|128|195|123|
2619,9431,|2|5|86|
2620,9435,|1|26|256|
2621,9457,|5|77|24|
2622,9465,|1|60|131|
2623,9467,|116|16|136|
2624,9471,|1|241|16|
2625,9475,|13|153|259|
2626,9478,|238|98|283|
2627,9479,|16|133|100|
2628,9483,|29|114|270|
2629,9499,|158|2|298|
2630,9521,|0|296|110|
2631,9524,|21|48|100|
2632,9525,|2|1|228|
2633,9528,|33|0|167|
2634,9540,|1|2|21|
2635,9551,|2|0|33|
2636,9558,|2|4|69|
2637,9564,|0|174|182|
2638,9584,|0|59|4|
2639,9590,|119|203|53|
2640,9597,|29|11|78|
2641,9610,|55|50|191|
2642,9612,|45|101|50|
2643,9613,|1|33|79|
2644,9618,|19|106|2|
2645,9634,|1|42|16|
2646,9637,|96|1|205|
2647,9639,|101|78|3|
2648,9642,|79|106|21|
2649,9648,|16|33|202|
2650,9650,|188|21|70|
2651,9655,|8|4|128|
2652,9659,|11|67|192|
2653,9670,|9|133|285|
2654,9674,|2|30|51|
2655,9680,|2|256|218|
2656,9683,|214|4|2|
2657,9684,|72|65|278|
2658,9685,|194|1|57|
2659,9690,|212|42|2|
2660,9693,|1|60|0|
2661,9698,|7|2|106|
2662,9705,|1|124|176|
2663,9708,|2|62|17|
2664,9734,|2|129|165|
2665,9741,|48|38|8|
2666,9762,|158|0|113|
2667,9763,|282|140|7|
2668,9765,|49|31|33|
2669,9778,|2|232|98|
2670,9779,|26|274|87|
2671,9806,|1|215|164|
2672,9809,|1|2|43|
2673,9814,|30|2|0|
2674,9815,|47|14|22|
2675,9818,|2|1|288|
2676,9833,|2|18|51|
2677,9838,|131|265|54|
2678,9842,|186|34|131|
2679,9853,|127|150|2|
2680,9855,|2|219|193|
2681,9856,|21|133|168|
2682,9881,|99|13|1|
2683,9889,|296|107|2|
2684,9916,|265|61|297|
2685,9923,|161|180|2|
2686,9924,|55|203|52|
2687,9926,|2|12|57|
2688,9943,|97|223|0|
2689,9951,|1|48|51|
2690,9964,|136|237|2|
2691,9972,|1|4|199|
2692,9973,|106|79|259|
2693,9976,|5|205|43|
2694,9977,|2|7|4|
2695,9984,|12|141|0|
2696,9985,|11|96|72|
2697,9986,|124|15|21|
2698,9987,|98|133|43|
2699,9992,|144|7|24|
2700,9993,|1|206|158|
2701,10005,|1|176|97|
2702,10008,|178|48|184|
2703,10009,|79|256|163|
2704,10020,|48|273|49|
2705,10034,|95|131|62|
2706,10043,|20|86|60|
2707,10074,|2|33|195|
2708,10076,|4|7|254|
2709,10078,|56|232|29|
2710,10085,|260|263|253|
2711,10089,|17|106|5|
2712,10091,|15|2|78|
2713,10107,|0|280|66|
2714,10108,|219|85|256|
2715,10115,|79|1|2|
2716,10121,|1|59|33|
2717,10133,|11|79|1|
2718,10138,|1|7|227|
2719,10146,|71|180|142|
2720,10149,|257|129|246|
2721,10155,|11|221|256|
2722,10202,|69|250|12|
2723,10209,|16|1|2|
2724,10214,|142|79|5|
2725,10221,|15|256|46|
2726,10225,|108|37|61|
2727,10226,|232|101|86|
2728,10247,|158|61|24|
2729,10249,|219|19|164|
2730,10257,|21|105|2|
2731,10259,|126|5|8|
2732,10261,|4|1|245|
2733,10262,|196|26|0|
2734,10264,|234|1|50|
2735,10280,|2|257|52|
2736,10293,|2|62|67|
2737,10295,|2|59|3|
2738,10298,|131|178|113|
2739,10299,|2|1|0|
2740,10305,|141|132|61|
2741,10308,|48|38|31|
2742,10311,|13|222|60|
2743,10321,|1|67|150|
2744,10324,|172|220|15|
2745,10329,|47|69|5|
2746,10344,|7|268|109|
2747,10345,|2|196|62|
2748,10352,|145|289|20|
2749,10354,|1|2|72|
2750,10357,|5|129|172|
2751,10361,|49|188|39|
2752,10374,|12|269|270|
2753,10381,|98|0|4|
2754,10403,|150|138|89|
2755,10417,|194|179|128|
2756,10424,|45|108|29|
2757,10425,|1|189|55|
2758,10428,|275|210|2|
2759,10439,|38|79|1|
2760,10442,|8|1|5|
2761,10451,|162|128|298|
2762,10452,|78|26|76|
2763,10457,|259|79|38|
2764,10464,|0|4|49|
2765,10476,|2|7|87|
2766,10477,|2|5|89|
2767,10482,|46|2|71|
2768,10488,|2|0|93|
2769,10495,|5|93|259|
2770,10500,|15|20|5|
2771,10517,|77|9|60|
2772,10521,|2|1|111|
2773,10523,|266|81|2|
2774,10527,|124|257|58|
2775,10550,|21|2|61|
2776,10559,|2|170|65|
2777,10562,|0|210|50|
2778,10563,|13|63|2|
2779,10566,|95|2|33|
2780,10568,|2|0|122|
2781,10580,|1|50|122|
2782,10590,|0|76|64|
2783,10592,|2|140|41|
2784,10594,|21|131|61|
2785,10597,|48|251|36|
2786,10598,|291|256|70|
2787,10613,|168|17|46|
2788,10614,|256|287|38|
2789,10630,|1|4|7|
2790,10631,|2|298|187|
2791,10633,|14|0|281|
2792,10643,|2|0|33|
2793,10659,|2|95|71|
2794,10663,|45|200|46|
2795,10680,|241|209|23|
2796,10687,|136|140|3|
2797,10693,|159|33|258|
2798,10694,|99|1|62|
2799,10697,|1|2|219|
2800,10735,|5|255|139|
2801,10744,|106|61|257|
2802,10748,|2|1|14|
2803,10749,|256|36|72|
2804,10751,|24|0|41|
2805,10754,|129|57|117|
2806,10759,|274|209|60|
2807,10764,|1|55|4|
2808,10779,|20|24|0|
2809,10805,|9|109|130|
2810,10807,|1|0|241|
2811,10809,|29|14|224|
2812,10825,|4|267|128|
2813,10828,|38|36|128|
2814,10835,|4|51|0|
2815,10843,|2|42|116|
2816,10844,|81|2|1|
2817,10846,|5|112|60|
2818,10858,|256|128|247|
2819,10861,|24|250|22|
2820,10873,|17|175|47|
2821,10875,|96|12|221|
2822,10884,|38|36|0|
2823,10886,|4|2|244|
2824,10893,|1|256|179|
2825,10914,|15|200|0|
2826,10918,|7|136|14|
2827,10929,|38|48|194|
2828,10938,|1|21|101|
2829,10948,|7|98|2|
2830,10951,|45|60|231|
2831,10957,|112|15|19|
2832,10970,|1|2|101|
2833,10971,|15|60|297|
2834,10975,|221|84|39|
2835,10978,|2|38|60|
2836,10984,|1|282|51|
2837,10987,|8|128|222|
2838,10993,|2|257|114|
2839,10994,|29|2|1|
2840,11003,|48|106|14|
2841,11005,|297|290|64|
2842,11007,|108|79|188|
2843,11015,|4|281|1|
2844,11029,|2|107|29|
2845,11034,|1|47|224|
2846,11055,|172|25|2|
2847,11061,|42|16|49|
2848,11072,|255|195|63|
2849,11073,|0|219|140|
2850,11074,|38|45|108|
2851,11077,|238|72|2|
2852,11079,|137|2|1|
2853,11091,|19|223|256|
2854,11098,|8|4|179|
2855,11104,|11|73|56|
2856,11109,|2|14|86|
2857,11133,|0|131|243|
2858,11140,|45|98|14|
2859,11151,|42|170|0|
2860,11162,|78|200|1|
2861,11166,|19|5|258|
2862,11187,|2|77|1|
2863,11190,|2|53|119|
2864,11191,|1|5|70|
2865,11195,|2|106|13|
2866,11214,|2|76|1|
2867,11215,|257|112|42|
2868,11217,|268|2|189|
2869,11250,|48|2|36|
2870,11254,|5|268|124|
2871,11268,|12|25|138|
2872,11270,|48|36|2|
2873,11271,|20|62|35|
2874,11278,|151|256|39|
2875,11307,|10|17|21|
2876,11309,|158|35|199|
2877,11314,|3|5|117|
2878,11337,|106|151|192|
2879,11338,|44|5|21|
2880,11342,|2|260|118|
2881,11365,|48|180|2|
2882,11369,|2|260|243|
2883,11377,|2|21|0|
2884,11380,|5|8|115|
2885,11394,|4|47|256|
2886,11402,|1|13|271|
2887,11403,|5|217|78|
2888,11407,|31|238|11|
2889,11422,|259|50|186|
2890,11423,|120|1|82|
2891,11437,|1|50|117|
2892,11441,|144|109|29|
2893,11442,|1|21|76|
2894,11451,|2|1|5|
2895,11453,|34|86|0|
2896,11455,|161|162|262|
2897,11457,|1|0|243|
2898,11460,|1|51|116|
2899,11470,|116|7|205|
2900,11471,|1|64|49|
2901,11472,|183|2|71|
2902,11480,|62|2|299|
2903,11489,|111|17|257|
2904,11492,|2|4|195|
2905,11493,|1|23|29|
2906,11502,|135|9|21|
2907,11506,|1|9|2|
2908,11508,|5|69|3|
2909,11510,|123|61|5|
2910,11511,|9|13|129|
2911,11512,|1|66|62|
2912,11513,|202|108|1|
2913,11518,|81|257|53|
2914,11524,|29|7|160|
2915,11531,|12|289|128|
2916,11534,|2|35|80|
2917,11542,|5|66|0|
2918,11544,|40|257|188|
2919,11555,|2|118|40|
2920,11559,|1|34|13|
2921,11565,|29|16|19|
2922,11578,|1|2|240|
2923,11582,|7|11|0|
2924,11586,|128|177|114|
2925,11594,|44|51|172|
2926,11616,|19|2|4|
2927,11632,|188|62|123|
2928,11644,|148|278|0|
2929,11648,|188|70|159|
2930,11652,|136|137|240|
2931,11654,|2|142|61|
2932,11663,|72|1|0|
2933,11671,|0|116|268|
2934,11708,|5|29|17|
2935,11716,|5|105|61|
2936,11723,|1|14|59|
2937,11726,|1|218|67|
2938,11731,|1|55|178|
2939,11740,|1|56|54|
2940,11746,|2|19|33|
2941,11755,|1|0|111|
2942,11764,|133|12|13|
2943,11767,|158|222|55|
2944,11768,|0|33|2|
2945,11775,|5|2|49|
2946,11783,|2|35|1|
2947,11791,|5|2|216|
2948,11818,|1|5|18|
2949,11824,|1|107|78|
2950,11833,|2|134|63|
2951,11837,|9|143|1|
2952,11870,|20|0|59|
2953,11873,|2|239|64|
2954,11875,|13|36|79|
2955,11894,|1|67|62|
2956,11895,|79|239|38|
2957,11896,|175|70|259|
2958,11901,|0|55|111|
2959,11904,|2|56|256|
2960,11906,|138|72|66|
2961,11910,|1|112|237|
2962,11916,|59|15|17|
2963,11927,|14|1|256|
2964,11941,|1|195|44|
2965,11942,|128|112|97|
2966,11943,|38|14|36|
2967,11949,|1|5|88|
2968,11954,|8|1|168|
2969,11974,|1|8|79|
2970,11987,|55|259|5|
2971,11990,|34|0|167|
2972,11997,|45|238|96|
2973,11999,|250|14|65|
2974,12013,|30|65|125|
2975,12021,|232|97|0|
2976,12025,|1|39|61|
2977,12039,|138|200|108|
2978,12043,|264|12|13|
2979,12052,|1|24|60|
2980,12053,|36|0|61|
2981,12058,|0|2|26|
2982,12060,|238|256|86|
2983,12066,|50|210|52|
2984,12067,|38|79|259|
2985,12075,|31|56|256|
2986,12077,|2|115|179|
2987,12082,|23|29|3|
2988,12088,|202|46|164|
2989,12106,|50|9|1|
2990,12115,|1|67|287|
2991,12122,|29|1|225|
2992,12135,|167|130|118|
2993,12158,|79|0|1|
2994,12160,|44|0|179|
2995,12170,|105|20|2|
2996,12185,|2|1|0|
2997,12187,|136|2|79|
2998,12189,|44|45|2|
2999,12192,|0|1|112|
3000,12198,|14|258|86|
3001,12213,|36|108|57|
3002,12221,|2|61|76|
3003,12227,|30|0|60|
3004,12230,|9|49|5|
3005,12253,|1|21|4|
3006,12256,|9|256|46|
3007,12286,|194|129|188|
3008,12303,|29|86|3|
3009,12307,|4|237|224|
3010,12316,|48|24|36|
3011,12317,|4|60|25|
3012,12318,|94|33|40|
3013,12333,|48|2|285|
3014,12337,|1|2|93|
3015,12349,|0|103|99|
3016,12354,|237|20|1|
3017,12375,|101|19|2|
3018,12379,|52|14|106|
3019,12388,|1|187|85|
3020,12404,|2|13|21|
3021,12434,|1|202|69|
3022,12437,|20|297|1|
3023,12439,|48|5|137|
3024,12446,|13|53|15|
3025,12466,|2|96|15|
3026,12468,|115|60|2|
3027,12469,|126|106|21|
3028,12474,|189|191|115|
3029,12490,|57|2|97|
3030,12492,|25|158|4|
3031,12507,|100|11|0|
3032,12523,|85|185|187|
3033,12534,|106|48|13|
3034,12536,|0|62|3|
3035,12544,|270|25|5|
3036,12550,|109|132|72|
3037,12569,|219|131|181|
3038,12582,|0|5|28|
3039,12594,|0|45|33|
3040,12607,|137|202|112|
3041,12609,|185|179|257|
3042,12616,|8|129|48|
3043,12639,|168|5|7|
3044,12641,|16|25|42|
3045,12650,|2|8|95|
3046,12655,|78|191|1|
3047,12661,|2|28|56|
3048,12662,|4|38|2|
3049,12664,|104|138|151|
3050,12680,|1|77|256|
3051,12681,|30|0|180|
3052,12683,|119|42|171|
3053,12686,|19|1|15|
3054,12698,|1|298|47|
3055,12709,|108|70|50|
3056,12716,|2|1|44|
3057,12723,|14|17|129|
3058,12724,|196|51|0|
3059,12725,|12|3|63|
3060,12745,|13|19|73|
3061,12767,|2|88|256|
3062,12777,|114|20|3|
3063,12778,|2|168|61|
3064,12788,|238|61|2|
3065,12814,|26|66|158|
3066,12817,|13|2|5|
3067,12841,|272|17|129|
3068,12878,|255|34|237|
3069,12894,|2|42|132|
3070,12898,|151|1|202|
3071,12911,|128|1|60|
3072,12912,|17|232|59|
3073,12928,|81|62|159|
3074,12929,|44|48|79|
3075,12940,|15|107|23|
3076,12948,|162|3|178|
3077,12949,|46|161|62|
3078,12951,|185|11|171|
3079,12953,|5|2|19|
3080,12958,|11|129|158|
3081,12969,|1|57|50|
3082,12970,|117|116|142|
3083,12971,|237|38|0|
3084,12977,|124|87|257|
3085,12993,|2|167|149|
3086,13011,|136|9|2|
3087,13018,|109|188|145|
3088,13024,|13|19|2|
3089,13038,|141|1|136|
3090,13040,|109|64|2|
3091,13047,|2|76|21|
3092,13075,|48|24|79|
3093,13083,|2|1|42|
3094,13086,|4|227|20|
3095,13090,|0|5|146|
3096,13093,|1|2|25|
3097,13095,|12|2|295|
3098,13097,|14|17|129|
3099,13100,|16|70|257|
3100,13101,|2|100|226|
3101,13107,|25|24|265|
3102,13133,|38|5|158|
3103,13137,|79|218|36|
3104,13140,|1|2|190|
3105,13153,|38|36|0|
3106,13155,|1|218|48|
3107,13169,|36|2|45|
3108,13181,|6|140|0|
3109,13182,|0|3|5|
3110,13191,|2|256|203|
3111,13204,|11|17|1|
3112,13206,|166|2|63|
3113,13219,|136|137|212|
3114,13220,|258|97|202|
3115,13234,|2|232|67|
3116,13251,|66|60|5|
3117,13289,|3|131|33|
3118,13299,|5|2|171|
3119,13329,|2|23|233|
3120,13333,|45|5|78|
3121,13341,|2|19|81|
3122,13344,|2|202|70|
3123,13356,|124|146|62|
3124,13365,|50|2|164|
3125,13369,|1|25|297|
3126,13381,|0|24|65|
3127,13389,|16|276|199|
3128,13391,|19|72|256|
3129,13401,|14|38|2|
3130,13404,|1|18|97|
3131,13415,|4|31|190|
3132,13417,|14|106|2|
3133,13442,|2|31|0|
3134,13455,|98|133|190|
3135,13468,|1|9|70|
3136,13469,|1|44|2|
3137,13498,|72|11|168|
3138,13509,|94|216|2|
3139,13528,|30|1|79|
3140,13545,|19|147|7|
3141,13559,|0|293|2|
3142,13562,|172|77|25|
3143,13564,|24|77|71|
3144,13584,|1|21|193|
3145,13595,|167|1|299|
3146,13596,|21|79|0|
3147,13601,|167|1|13|
3148,13604,|2|239|63|
3149,13629,|24|190|171|
3150,13644,|64|270|33|
3151,13651,|1|68|163|
3152,13655,|1|45|122|
3153,13657,|77|287|7|
3154,13662,|200|2|60|
3155,13677,|46|133|212|
3156,13678,|79|275|129|
3157,13679,|11|23|2|
3158,13682,|86|1|4|
3159,13697,|2|46|72|
3160,13714,|19|85|39|
3161,13730,|2|7|263|
3162,13752,|254|199|154|
3163,13756,|2|33|12|
3164,13757,|1|2|33|
3165,13760,|123|61|142|
3166,13763,|88|1|175|
3167,13773,|1|5|26|
3168,13790,|46|164|5|
3169,13795,|100|205|156|
3170,13799,|108|1|92|
3171,13800,|1|72|125|
3172,13809,|1|206|235|
3173,13819,|77|2|44|
3174,13824,|256|260|122|
3175,13826,|217|16|1|
3176,13831,|119|5|11|
3177,13840,|1|17|33|
3178,13854,|23|0|35|
3179,13855,|2|162|256|
3180,13868,|77|33|2|
3181,13887,|2|19|50|
3182,13889,|50|36|2|
3183,13897,|53|119|86|
3184,13898,|21|76|69|
3185,13902,|2|71|52|
3186,13917,|19|2|211|
3187,13918,|38|2|190|
3188,13921,|36|38|194|
3189,13956,|19|195|0|
3190,13961,|2|259|112|
3191,13962,|38|48|79|
3192,13970,|156|2|4|
3193,13971,|2|14|136|
3194,13975,|19|8|38|
3195,13979,|255|5|61|
3196,13989,|2|20|40|
3197,13990,|48|36|194|
3198,13993,|255|24|5|
3199,14014,|45|29|175|
3200,14022,|0|175|238|
3201,14024,|31|5|2|
3202,14031,|196|48|264|
3203,14032,|8|112|48|
3204,14035,|106|13|194|
3205,14058,|48|16|179|
3206,14078,|200|157|188|
3207,14081,|2|264|115|
3208,14088,|1|15|240|
3209,14099,|1|105|17|
3210,14104,|259|51|1|
3211,14112,|79|194|128|
3212,14113,|99|1|131|
3213,14137,|14|15|89|
3214,14144,|36|2|194|
3215,14162,|19|89|3|
3216,14169,|13|36|288|
3217,14197,|29|60|2|
3218,14198,|30|258|298|
3219,14209,|1|188|122|
3220,14261,|232|4|203|
3221,14271,|175|1|41|
3222,14302,|45|51|0|
3223,14304,|2|1|21|
3224,14305,|2|112|59|
3225,14328,|126|19|67|
3226,14329,|268|142|14|
3227,14334,|48|38|2|
3228,14342,|2|5|67|
3229,14392,|174|7|63|
3230,14393,|1|221|200|
3231,14395,|2|19|293|
3232,14399,|36|39|82|
3233,14405,|62|17|0|
3234,14410,|1|78|236|
3235,14417,|2|15|89|
3236,14448,|56|13|76|
3237,14451,|2|59|109|
3238,14466,|86|9|14|
3239,14471,|1|222|38|
3240,14492,|145|1|70|
3241,14536,|234|135|46|
3242,14538,|11|2|172|
3243,14545,|1|19|92|
3244,14546,|12|166|60|
3245,14554,|24|158|86|
3246,14591,|39|9|86|
3247,14596,|2|5|85|
3248,14607,|7|13|100|
3249,14608,|48|1|5|
3250,14613,|2|33|260|
3251,14619,|12|2|100|
3252,14631,|116|1|175|
3253,14633,|29|0|185|
3254,14638,|269|76|0|
3255,14647,|2|76|1|
3256,14653,|0|5|271|
3257,14658,|7|43|232|
3258,14676,|33|43|2|
3259,14683,|29|2|14|
3260,14685,|7|21|50|
3261,14689,|106|7|11|
3262,14690,|119|8|70|
3263,14712,|36|194|258|
3264,14735,|59|128|115|
3265,14745,|268|142|107|
3266,14757,|2|123|109|
3267,14762,|23|139|216|
3268,14765,|36|179|194|
3269,14769,|2|16|59|
3270,14783,|1|53|237|
3271,14792,|7|66|257|
3272,14805,|94|1|177|
3273,14816,|39|2|205|
3274,14818,|100|259|166|
3275,14837,|36|59|128|
3276,14850,|2|237|162|
3277,14851,|1|50|92|
3278,14887,|97|26|166|
3279,14900,|2|11|256|
3280,14901,|1|50|17|
3281,14915,|0|7|54|
3282,14927,|2|51|129|
3283,14934,|119|5|115|
3284,14943,|51|0|35|
3285,14959,|0|257|100|
3286,14960,|1|237|2|
3287,14986,|26|47|50|
3288,15010,|2|17|20|
3289,15031,|0|258|116|
3290,15044,|1|2|242|
3291,15054,|1|12|5|
3292,15065,|194|108|38|
3293,15066,|72|2|33|
3294,15071,|19|84|2|
3295,15080,|1|89|199|
3296,15084,|1|273|72|
3297,15086,|1|259|17|
3298,15105,|14|2|67|
3299,15118,|2|0|3|
3300,15119,|1|25|191|
3301,15133,|158|50|2|
3302,15136,|1|64|80|
3303,15147,|19|3|189|
3304,15152,|2|189|1|
3305,15155,|1|17|176|
3306,15185,|60|2|232|
3307,15188,|257|0|216|
3308,15198,|111|0|84|
3309,15210,|21|61|131|
3310,15219,|1|0|249|
3311,15221,|20|16|2|
3312,15222,|7|11|86|
3313,15242,|212|185|187|
3314,15251,|42|1|137|
3315,15253,|198|43|257|
3316,15283,|254|2|113|
3317,15290,|2|12|65|
3318,15303,|1|3|2|
3319,15311,|36|55|128|
3320,15316,|4|2|256|
3321,15325,|97|266|0|
3322,15348,|9|14|237|
3323,15354,|2|182|115|
3324,15362,|11|20|191|
3325,15364,|194|8|14|
3326,15371,|1|0|19|
3327,15373,|1|50|66|
3328,15378,|140|2|55|
3329,15379,|77|264|58|
3330,15394,|20|0|41|
3331,15405,|5|7|209|
3332,15407,|185|85|1|
3333,15412,|60|5|130|
3334,15425,|1|106|61|
3335,15432,|105|14|156|
3336,15435,|16|0|172|
3337,15436,|2|14|33|
3338,15469,|5|89|256|
3339,15488,|2|157|71|
3340,15492,|1|287|53|
3341,15494,|5|115|16|
3342,15507,|87|64|151|
3343,15514,|30|56|1|
3344,15516,|5|9|0|
3345,15520,|5|9|84|
3346,15539,|2|14|219|
3347,15540,|1|273|149|
3348,15552,|0|5|15|
3349,15553,|4|2|294|
3350,15559,|79|5|7|
3351,15560,|2|38|194|
3352,15564,|1|297|15|
3353,15571,|2|129|115|
3354,15575,|2|153|82|
3355,15582,|205|138|2|
3356,15591,|0|258|185|
3357,15596,|296|61|261|
3358,15608,|2|0|19|
3359,15614,|14|2|1|
3360,15630,|16|98|266|
3361,15634,|123|8|2|
3362,15638,|60|2|256|
3363,15698,|228|2|133|
3364,15706,|7|85|1|
3365,15712,|60|0|3|
3366,15749,|111|160|139|
3367,15752,|242|103|2|
3368,15774,|5|81|31|
3369,15775,|14|36|131|
3370,15785,|1|63|4|
3371,15799,|24|56|77|
3372,15802,|223|5|187|
3373,15808,|12|19|0|
3374,15816,|2|0|116|
3375,15819,|52|271|50|
3376,15824,|13|18|0|
3377,15826,|59|44|64|
3378,15827,|1|9|85|
3379,15833,|4|132|43|
3380,15834,|267|14|2|
3381,15837,|4|2|50|
3382,15854,|15|274|237|
3383,15858,|2|1|23|
3384,15863,|251|59|296|
3385,15911,|38|13|72|
3386,15914,|36|79|15|
3387,15943,|1|47|21|
3388,15948,|2|15|24|
3389,15959,|72|11|99|
3390,15962,|23|264|48|
3391,15970,|0|86|71|
3392,15972,|114|2|88|
3393,15985,|109|9|23|
3394,16037,|5|7|15|
3395,16038,|38|48|8|
3396,16056,|2|7|271|
3397,16062,|19|1|115|
3398,16064,|5|18|72|
3399,16074,|239|157|1|
3400,16076,|140|1|94|
3401,16091,|232|5|39|
3402,16104,|1|2|56|
3403,16112,|285|257|47|
3404,16126,|2|76|119|
3405,16161,|23|2|289|
3406,16174,|1|21|47|
3407,16177,|14|239|96|
3408,16192,|20|232|65|
3409,16209,|244|2|16|
3410,16231,|59|129|241|
3411,16246,|1|240|7|
3412,16270,|5|174|39|
3413,16278,|1|17|157|
3414,16301,|8|36|15|
3415,16391,|0|77|146|
3416,16425,|218|13|17|
3417,16437,|1|151|105|
3418,16443,|2|5|92|
3419,16454,|48|14|194|
3420,16476,|20|24|282|
3421,16483,|1|287|120|
3422,16490,|190|9|49|
3423,16508,|1|53|234|
3424,16530,|221|0|178|
3425,16536,|1|130|43|
3426,16553,|0|210|64|
3427,16555,|1|79|38|
3428,16571,|0|2|236|
3429,16583,|5|0|226|
3430,16584,|14|5|31|
3431,16601,|31|47|187|
3432,16604,|36|8|14|
3433,16607,|2|12|287|
3434,16608,|2|3|247|
3435,16617,|19|167|0|
3436,16621,|2|4|225|
3437,16628,|256|29|251|
3438,16654,|256|8|142|
3439,16656,|2|0|86|
3440,16666,|30|139|183|
3441,16674,|1|237|64|
3442,16680,|14|19|0|
3443,16683,|79|129|48|
3444,16733,|7|42|129|
3445,16739,|237|11|55|
3446,16761,|5|0|103|
3447,16767,|86|140|81|
3448,16770,|106|197|25|
3449,16777,|182|0|66|
3450,16786,|24|57|4|
3451,16795,|5|31|1|
3452,16798,|238|175|233|
3453,16812,|61|2|257|
3454,16814,|13|21|60|
3455,16815,|1|167|208|
3456,16830,|14|29|42|
3457,16836,|5|228|76|
3458,16838,|1|0|190|
3459,16857,|2|4|97|
3460,16866,|0|1|86|
3461,16867,|66|55|290|
3462,16872,|0|72|124|
3463,16877,|186|2|130|
3464,16887,|2|86|72|
3465,16894,|141|66|131|
3466,16900,|59|116|1|
3467,16911,|2|137|14|
3468,16949,|0|7|263|
3469,16957,|38|285|9|
3470,16990,|2|7|79|
3471,16995,|2|38|0|
3472,17011,|1|258|246|
3473,17016,|264|256|56|
3474,17046,|19|96|92|
3475,17075,|79|2|194|
3476,17090,|2|100|11|
3477,17097,|191|2|23|
3478,17102,|0|128|247|
3479,17114,|2|212|128|
3480,17123,|57|133|50|
3481,17151,|9|16|31|
3482,17159,|266|61|0|
3483,17196,|36|0|43|
3484,17203,|281|200|257|
3485,17210,|79|38|13|
3486,17290,|2|13|210|
3487,17291,|17|2|0|
3488,17294,|114|13|2|
3489,17299,|133|263|114|
3490,17339,|36|48|194|
3491,17369,|2|256|161|
3492,17387,|2|5|33|
3493,17388,|4|128|75|
3494,17396,|259|105|1|
3495,17405,|4|15|76|
3496,17424,|23|2|216|
3497,17428,|20|44|84|
3498,17457,|134|181|110|
3499,17458,|298|104|215|
3500,17472,|2|50|20|
3501,17479,|24|256|66|
3502,17480,|2|16|76|
3503,17482,|2|134|112|
3504,17486,|0|60|189|
3505,17492,|93|0|2|
3506,17494,|1|200|46|
3507,17526,|2|44|106|
3508,17548,|106|66|31|
3509,17596,|2|16|66|
3510,17610,|1|45|140|
3511,17612,|2|239|7|
3512,17624,|79|48|1|
3513,17633,|194|258|261|
3514,17640,|254|192|239|
3515,17644,|256|2|253|
3516,17646,|1|256|106|
3517,17664,|172|238|24|
3518,17667,|268|107|232|
3519,17678,|2|233|35|
3520,17679,|96|46|0|
3521,17708,|66|128|203|
3522,17710,|2|168|200|
3523,17714,|2|5|77|
3524,17716,|80|24|59|
3525,17738,|42|72|60|
3526,17749,|79|0|96|
3527,17774,|36|14|35|
3528,17791,|1|2|20|
3529,17830,|14|19|262|
3530,17844,|1|166|232|
3531,17865,|14|11|2|
3532,17869,|29|5|1|
3533,17873,|48|59|2|
3534,17875,|8|48|128|
3535,17879,|1|151|50|
3536,17902,|195|0|48|
3537,17949,|0|124|107|
3538,17959,|1|2|137|
3539,17971,|29|2|13|
3540,18001,|1|5|44|
3541,18003,|1|5|190|
3542,18005,|104|29|1|
3543,18010,|5|1|93|
3544,18016,|17|1|159|
3545,18032,|9|50|1|
3546,18036,|107|20|68|
3547,18057,|2|35|174|
3548,18063,|216|70|188|
3549,18086,|29|44|1|
3550,18115,|187|19|84|
3551,18124,|20|24|4|
3552,18127,|1|2|105|
3553,18152,|1|2|195|
3554,18158,|202|1|267|
3555,18163,|194|69|238|
3556,18170,|1|274|2|
3557,18186,|5|0|2|
3558,18218,|5|2|29|
3559,18234,|251|18|19|
3560,18248,|1|2|85|
3561,18312,|1|227|76|
3562,18313,|118|159|2|
3563,18314,|1|30|174|
3564,18355,|2|1|17|
3565,18358,|131|5|2|
3566,18368,|17|29|0|
3567,18369,|44|240|15|
3568,18414,|1|55|181|
3569,18428,|2|5|19|
3570,18498,|2|138|244|
3571,18515,|36|2|1|
3572,18532,|0|223|1|
3573,18585,|7|64|195|
3574,18632,|1|257|223|
3575,18720,|21|2|188|
3576,18765,|269|1|202|
3577,18768,|1|219|200|
3578,18808,|5|258|65|
3579,18810,|1|5|137|
3580,18835,|1|52|261|
3581,18842,|19|29|2|
3582,18855,|1|70|176|
3583,18870,|1|232|194|
3584,18874,|0|106|16|
3585,18883,|2|45|7|
3586,18909,|1|2|82|
3587,18944,|2|1|121|
3588,18979,|50|197|200|
3589,18983,|84|1|257|
3590,18998,|1|25|189|
3591,19004,|103|219|162|
3592,19051,|2|1|70|
3593,19057,|292|262|182|
3594,19064,|1|15|56|
3595,19066,|1|99|7|
3596,19083,|117|5|10|
3597,19101,|205|16|178|
3598,19164,|2|191|0|
3599,19170,|86|51|13|
3600,19173,|6|150|116|
3601,19174,|5|77|256|
3602,19177,|1|2|13|
3603,19185,|35|149|151|
3604,19195,|1|289|87|
3605,19203,|66|131|0|
3606,19227,|46|107|29|
3607,19278,|8|194|14|
3608,19280,|2|18|72|
3609,19288,|86|202|135|
3610,19329,|0|7|34|
3611,19335,|0|175|271|
3612,19347,|5|203|176|
3613,19374,|2|38|117|
3614,19376,|61|0|67|
3615,19379,|101|0|35|
3616,19394,|6|15|2|
3617,19406,|66|61|136|
3618,19408,|11|131|79|
3619,19419,|38|2|26|
3620,19424,|31|116|8|
3621,19500,|9|2|99|
3622,19505,|1|228|97|
3623,19537,|266|5|256|
3624,19541,|1|164|240|
3625,19554,|97|152|2|
3626,19564,|1|12|199|
3627,19580,|114|44|256|
3628,19586,|1|69|120|
3629,19606,|1|7|2|
3630,19613,|1|5|51|
3631,19649,|5|1|274|
3632,19668,|1|8|12|
3633,19692,|1|206|205|
3634,19711,|1|112|256|
3635,19729,|0|67|2|
3636,19743,|265|242|2|
3637,19765,|1|107|140|
3638,19769,|167|0|175|
3639,19771,|86|260|256|
3640,19779,|1|13|39|
3641,19800,|109|12|145|
3642,19807,|5|129|94|
3643,19818,|2|10|17|
3644,19826,|2|202|59|
3645,19871,|1|208|20|
3646,19890,|38|227|36|
3647,19891,|2|124|232|
3648,19901,|2|43|179|
3649,19942,|228|212|33|
3650,19944,|45|13|41|
3651,20001,|128|256|117|
3652,20007,|257|199|52|
3653,20012,|259|92|184|
3654,20025,|227|76|0|
3655,20029,|232|140|25|
3656,20030,|16|33|1|
3657,20032,|1|13|39|
3658,20044,|177|2|55|
3659,20057,|0|76|60|
3660,20059,|104|257|205|
3661,20061,|42|63|173|
3662,20137,|159|97|94|
3663,20151,|111|237|135|
3664,20152,|11|2|7|
3665,20162,|13|38|79|
3666,20181,|2|1|13|
3667,20189,|1|2|31|
3668,20190,|136|2|118|
3669,20206,|1|9|164|
3670,20222,|123|1|80|
3671,20230,|164|61|38|
3672,20265,|7|136|106|
3673,20281,|2|1|31|
3674,20294,|0|106|197|
3675,20326,|1|107|0|
3676,20434,|66|130|162|
3677,20445,|39|1|44|
3678,20464,|11|107|2|
3679,20480,|47|2|8|
3680,20482,|1|20|101|
3681,20486,|128|75|185|
3682,20510,|43|208|55|
3683,20602,|105|228|1|
3684,20699,|11|188|5|
3685,20735,|140|1|71|
3686,20738,|221|147|61|
3687,20745,|44|53|115|
3688,20748,|0|13|55|
3689,20775,|72|0|145|
3690,20780,|194|1|57|
3691,20804,|261|188|65|
3692,20808,|11|19|1|
3693,20828,|107|9|139|
3694,20853,|33|7|15|
3695,20854,|2|14|4|
3696,20858,|16|1|139|
3697,20868,|1|64|12|
3698,20914,|2|1|3|
3699,20920,|194|106|133|
3700,20963,|39|20|2|
3701,21077,|0|168|230|
3702,21161,|232|206|4|
3703,21172,|1|2|246|
3704,21186,|38|92|0|
3705,21189,|36|31|5|
3706,21254,|1|174|15|
3707,21267,|62|138|12|
3708,21332,|2|4|115|
3709,21365,|23|25|260|
3710,21408,|5|21|1|
3711,21423,|185|2|119|
3712,21438,|13|205|0|
3713,21497,|251|7|81|
3714,21599,|101|2|113|
3715,21601,|2|14|20|
3716,21604,|2|136|9|
3717,21613,|17|85|0|
3718,21615,|1|2|94|
3719,21636,|2|51|60|
3720,21638,|260|191|23|
3721,21658,|5|116|36|
3722,21671,|188|36|2|
3723,21677,|227|5|257|
3724,21680,|21|62|7|
3725,21691,|2|23|19|
3726,21698,|79|73|65|
3727,21715,|2|187|0|
3728,21740,|100|1|218|
3729,21826,|12|4|268|
3730,21828,|55|72|1|
3731,21838,|257|3|63|
3732,21867,|76|16|8|
3733,21875,|1|158|59|
3734,21919,|106|84|189|
3735,21941,|137|45|76|
3736,21956,|1|159|43|
3737,22123,|57|256|95|
3738,22131,|13|1|44|
3739,22238,|27|0|81|
3740,22261,|21|59|0|
3741,22276,|264|160|14|
3742,22505,|216|256|182|
3743,22592,|48|44|13|
3744,22608,|0|157|299|
3745,22678,|11|224|40|
3746,22885,|64|35|184|
3747,22903,|68|256|66|
3748,23024,|17|88|257|
3749,23045,|272|26|206|
3750,23076,|48|45|5|
3751,23181,|21|51|231|
3752,23198,|1|97|48|
3753,23218,|212|50|2|
3754,23292,|120|45|133|
3755,23345,|1|271|187|
3756,23369,|8|48|35|
3757,23498,|258|85|183|
3758,23630,|2|91|0|
3759,23667,|38|48|131|
3760,23676,|106|44|20|
3761,23693,|55|81|196|
3762,23721,|79|48|1|
3763,23753,|38|194|13|
3764,23774,|116|65|66|
3765,23783,|70|67|1|
3766,23861,|201|30|36|
3767,23889,|8|48|194|
3768,23907,|0|284|7|
3769,23910,|45|2|9|
3770,23979,|38|24|179|
3771,23997,|188|1|14|
3772,24105,|29|13|16|
3773,24113,|2|86|107|
3774,24255,|274|4|189|
3775,24446,|149|24|102|
3776,24519,|194|8|160|
3777,24717,|1|4|268|
3778,24793,|1|5|243|
3779,24803,|1|60|114|
3780,24864,|93|287|256|
3781,24952,|36|106|48|
3782,25091,|1|130|112|
3783,25130,|23|2|256|
3784,25197,|1|128|66|
3785,25308,|107|23|35|
3786,25457,|79|21|1|
3787,25469,|137|139|1|
3788,25672,|81|37|258|
3789,26021,|21|281|203|
3790,26312,|97|235|84|
3791,26329,|11|268|39|
3792,26361,|23|35|1|
3793,26527,|1|112|31|
3794,26614,|1|19|157|
3795,26641,|287|1|2|
3796,26792,|59|8|144|
3797,26897,|20|227|16|
3798,26927,|44|17|45|
3799,27004,|194|214|35|
3800,27072,|13|175|70|
3801,27159,|23|45|0|
3802,27194,|194|44|16|
3803,27202,|79|38|77|
3804,27247,|13|67|81|
3805,27531,|38|72|0|
3806,27542,|128|7|48|
3807,27620,|30|158|1|
3808,27930,|48|52|251|
3809,27949,|29|218|64|
3810,28577,|9|16|81|
